index,Rk,Player,Pos,Tm,Cap Hit
0,1,Kirk Cousins,QB,WAS,23943600
1,2,Trumaine Johnson,CB,LAR,16742400
2,3,Josh Norman,CB,WAS,16500000
3,,Von Miller,LB,DEN,16500000
4,5,Justin Houston,LB,KAN,16350000
5,6,Matt Ryan,QB,ATL,15750000
6,7,Carson Palmer,QB,ARI,15500000
7,8,Muhammad Wilkerson,DT,NYJ,14750000
8,9,Sam Bradford,QB,MIN,14000000
9,10,Malik Jackson,DT,JAX,13500000
10,11,Gerald McCoy,DT,TAM,13250000
11,12,Cam Newton,QB,CAR,13166666
12,13,Andy Dalton,QB,CIN,13100000
13,14,Eli Manning,QB,NYG,13000000
14,,Drew Brees,QB,NOR,13000000
15,,Dez Bryant,WR,DAL,13000000
16,17,Janoris Jenkins,CB,NYG,12900000
17,18,Ezekiel Ansah,DE,DET,12734000
18,19,Russell Wilson,QB,SEA,12600000
19,20,Aaron Rodgers,QB,GNB,12550000
20,21,Le'Veon Bell,RB,PIT,12120000
21,22,Ben Roethlisberger,QB,PIT,12000000
22,23,Olivier Vernon,DE,NYG,11750000
23,24,Julio Jones,WR,ATL,11500000
24,25,Richard Sherman,DB,SEA,11431000
25,26,Trent Williams,T,WAS,11250000
26,27,Larry Fitzgerald,WR,ARI,11000000
27,,Aqib Talib,DB,DEN,11000000
28,,Philip Rivers,QB,LAC,11000000
29,30,Alex Smith,QB,KAN,10800000
30,31,J.J. Watt,DE,HOU,10500000
31,32,A.J. Green,WR,CIN,10300000
32,33,Clay Matthews,LB,GNB,10100000
33,34,Ndamukong Suh,DT,MIA,9985000
34,35,Patrick Peterson,CB,ARI,9750000
35,,Marcell Dareus,DT,2TM,9750000
36,37,Duane Brown,G,2TM,9400000
37,38,Vontae Davis,DB,IND,9000000
38,,Calais Campbell,DE,JAX,9000000
39,,Cordy Glenn,T,BUF,9000000
40,41,Justin Pugh,OG,NYG,8821000
41,42,Joe Thomas,T,CLE,8800000
42,43,Damon Harrison,DT,NYG,8750000
43,44,Randall Cobb,WR,GNB,8600000
44,45,Byron Maxwell,DB,2TM,8500000
45,,Demaryius Thomas,WR,DEN,8500000
46,,Earl Thomas,DB,SEA,8500000
47,48,Alec Ogletree,OLB,LAR,8369000
48,49,Jordy Nelson,WR,GNB,8250000
49,,Ryan Kerrigan,DE,WAS,8250000
50,,Joe Staley,T,SFO,8250000
51,52,Sheldon Richardson,DT,SEA,8069000
52,53,Xavier Rhodes,CB,MIN,8026000
53,54,Corey Liuget,DT,LAC,8000000
54,,T.Y. Hilton,WR,IND,8000000
55,,Mike Glennon,QB,CHI,8000000
56,,DeAndre Hopkins,WR,HOU,8000000
57,,Mike Iupati,G,ARI,8000000
58,59,Mike Pouncey,OL,MIA,7950000
59,60,Jimmy Graham,TE,SEA,7900000
60,61,Lane Johnson,OT,PHI,7750000
61,62,Maurkice Pouncey,C,PIT,7500000
62,,Andrew Whitworth,T,LAR,7500000
63,,Tyrod Taylor,QB,BUF,7500000
64,,Dontari Poe,DT,ATL,7500000
65,66,Jason Witten,TE,DAL,7400000
66,,Chris Harris,CB,DEN,7400000
67,68,Luke Kuechly,ILB,CAR,7363324
68,69,Geno Atkins,DT,CIN,7300000
69,70,Tyrone Crawford,DE,DAL,7250000
70,71,Vinny Curry,DE,PHI,7000000
71,,Akiem Hicks,DE,CHI,7000000
72,,Allen Hurns,WR,JAX,7000000
73,,Chandler Jones,DE,ARI,7000000
74,,Marvin Jones,WR,DET,7000000
75,,Cameron Jordan,DE,NOR,7000000
76,77,Dominique Rodgers-Cromartie,DB,NYG,6980000
77,78,Pernell McPhee,DL,CHI,6950000
78,79,Cameron Wake,LB,MIA,6875000
79,80,Eric Fisher,OT,KAN,6857977
80,81,Star Lotulelei,DT,CAR,6757000
81,82,Emmanuel Sanders,WR,DEN,6750000
82,83,Kelechi Osemele,T,OAK,6700000
83,84,Bennie Logan,DT,KAN,6680000
84,85,Vontaze Burfict,LB,CIN,6535529
85,86,Jared Veldheer,T,ARI,6500000
86,,Jermey Parnell,T,JAX,6500000
87,,Rodney Hudson,OL,OAK,6500000
88,,Michael Bennett,DE,SEA,6500000
89,,Brandon Graham,DE,PHI,6500000
90,,Nate Solder,T,NWE,6500000
91,,Johnathan Joseph,DB,HOU,6500000
92,,Kareem Jackson,DB,HOU,6500000
93,,Devin McCourty,DB,NWE,6500000
94,,Greg Olsen,TE,CAR,6500000
95,,DeSean Jackson,WR,TAM,6500000
96,97,Kyle Williams,DT,BUF,6300000
97,98,Kyle Long,OT,CHI,6250000
98,,DeMarco Murray,RB,TEN,6250000
99,,Michael Crabtree,WR,OAK,6250000
100,101,Brian Orakpo,LB,TEN,6200000
101,,Riley Reiff,OT,MIN,6200000
102,103,Robert Quinn,DE,LAR,6161616
103,104,Adam Jones,DB,CIN,6023529
104,105,Kawann Short,DT,CAR,6000000
105,,Kevin Zeitler,G,CLE,6000000
106,,Marshal Yanda,T,BAL,6000000
107,,Derrick Morgan,DE,TEN,6000000
108,,Buster Skrine,DB,NYJ,6000000
109,,Lavonte David,OLB,TAM,6000000
110,,Brent Grimes,DB,TAM,6000000
111,,Golden Tate,WR,DET,6000000
112,,Mohamed Sanu,WR,ATL,6000000
113,,Darian Stewart,DB,DEN,6000000
114,,Malcolm Jenkins,DB,PHI,6000000
115,,LeSean McCoy,RB,BUF,6000000
116,,Joe Flacco,QB,BAL,6000000
117,118,K.J. Wright,LB,SEA,5800000
118,,Donald Penn,T,OAK,5800000
119,,Coby Fleener,TE,NOR,5800000
120,121,Doug Martin,RB,TAM,5764706
121,122,Alex Mack,C,ATL,5750000
122,,Tamba Hali,DE,KAN,5750000
123,124,Kenny Vaccaro,FS,NOR,5676000
124,,Eric Reid,FS,SFO,5676000
125,126,Julius Thomas,TE,MIA,5500000
126,,Brandon Linder,OG,JAX,5500000
127,,Haloti Ngata,DT,DET,5500000
128,,Lamar Miller,RB,HOU,5500000
129,,Derek Wolfe,DT,DEN,5500000
130,131,Jerry Hughes,DE,BUF,5400000
131,,Bryan Bulaga,T,GNB,5400000
132,133,Carlos Dunlap,DE,CIN,5350000
133,134,Gabe Jackson,OG,OAK,5250000
134,,Travis Benjamin,WR,LAC,5250000
135,,Andy Levitre,G,ATL,5250000
136,137,Kyle Rudolph,TE,MIN,5150000
137,,Harrison Smith,FS,MIN,5150000
138,139,Rishard Matthews,WR,TEN,5000000
139,,Barry Church,DB,JAX,5000000
140,,Mike Mitchell,DB,PIT,5000000
141,,Logan Ryan,CB,TEN,5000000
142,,Sean Smith,DB,OAK,5000000
143,,Melvin Ingram,DE,LAC,5000000
144,,Derek Carr,QB,OAK,5000000
145,,Jay Cutler,QB,MIA,5000000
146,,Tashaun Gipson,DB,JAX,5000000
147,,Mark Barron,LB,LAR,5000000
148,,Brandon Brooks,G,PHI,5000000
149,,Jason Kelce,OL,PHI,5000000
150,151,Mitchell Schwartz,T,KAN,4900000
151,152,Mychal Kendricks,ILB,PHI,4850000
152,153,Rodger Saffold,T,LAR,4847233
153,154,Tyler Eifert,TE,CIN,4782000
154,155,Tyrann Mathieu,CB,ARI,4750000
155,,Mike Wallace,WR,BAL,4750000
156,,Jeff Allen,T,HOU,4750000
157,,Jamie Collins,OLB,CLE,4750000
158,,Morgan Burnett,DB,GNB,4750000
159,160,Josh Sitton,G,CHI,4650000
160,161,Stephon Gilmore,CB,NWE,4500000
161,,Joe Barksdale,OL,LAC,4500000
162,,Charles Clay,TE,BUF,4500000
163,,Cliff Avril,DE,SEA,4500000
164,,Chris Ivory,RB,JAX,4500000
165,,Bruce Irvin,DE,OAK,4500000
166,,Antonio Gates,TE,LAC,4500000
167,,Whitney Mercilus,DE,HOU,4500000
168,169,James Carpenter,OL,NYJ,4450000
169,170,Demar Dotson,T,TAM,4250000
170,,Rob Gronkowski,TE,NWE,4250000
171,172,Delanie Walker,TE,TEN,4200000
172,,Terron Armstead,OT,NOR,4200000
173,,Bobby Massie,T,CHI,4200000
174,175,Brooks Reed,DL,ATL,4100000
175,,Darius Slay,CB,DET,4100000
176,177,Clint Boling,OL,CIN,4050000
177,,Dustin Colquitt,P,KAN,4050000
178,179,Terrell Suggs,LB-DE,BAL,4000000
179,,Marcedes Lewis,TE,JAX,4000000
180,,Marcus Gilbert,OL,PIT,4000000
181,,Nigel Bradham,OLB,PHI,4000000
182,,Robert Ayers,DE,TAM,4000000
183,,Darren Sproles,RB,PHI,4000000
184,,Bobby Wagner,ILB,SEA,4000000
185,,Shawn Lauvao,G,WAS,4000000
186,,Matt Forte,RB,NYJ,4000000
187,,Eric Weddle,DB,BAL,4000000
188,,Torrey Smith,WR,PHI,4000000
189,,Kenny Britt,WR,2TM,4000000
190,,Jeremy Lane,CB,SEA,4000000
191,,George Iloka,FS,CIN,4000000
192,193,Paul Posluszny,LB,JAX,3950000
193,194,Malcolm Butler,CB,NWE,3910000
194,195,Brian Robison,DE,MIN,3900000
195,,Ron Parker,CB,KAN,3900000
196,,Allen Bailey,DL,KAN,3900000
197,198,Christian Kirksey,OLB,CLE,3797000
198,199,J.R. Sweezy,G,TAM,3750000
199,,Jerrell Freeman,LB,CHI,3750000
200,,Adrian Clayborn,DL,ATL,3750000
201,,Jordan Reed,TE,WAS,3750000
202,,Bilal Powell,RB,NYJ,3750000
203,204,Pierre Garcon,WR,SFO,3675000
204,205,Michael Johnson,DE,CIN,3550000
205,206,Tavon Austin,WR,LAR,3500000
206,,Prince Amukamara,CB,CHI,3500000
207,,Frank Gore,RB,IND,3500000
208,,Ben Jones,C,TEN,3500000
209,,Cole Beasley,WR,DAL,3500000
210,211,Brandon Mebane,DT,LAC,3350000
211,212,Greg Robinson,OT,DET,3322377
212,213,Thomas Davis,LB,CAR,3250000
213,,Casey Hayward,DB,LAC,3250000
214,215,Blake Bortles,QB,JAX,3236565
215,216,Graham Gano,K,CAR,3200000
216,,Dan Bailey,K,DAL,3200000
217,218,Richie Incognito,G,BUF,3175000
218,219,Joel Bitonio,OT,CLE,3164777
219,220,Thomas Morstead,P,NOR,3150000
220,,Matt Prater,K,DET,3150000
221,222,Mark Ingram,RB,NOR,3100000
222,,Shawn Williams,SS,CIN,3100000
223,224,C.J. Fiedorowicz,TE,HOU,3097000
224,225,Tahir Whitehead,OLB,DET,3050000
225,226,Tony Jefferson,FS,BAL,3000000
226,,T.J. Ward,DB,TAM,3000000
227,,Jason Peters,T,PHI,3000000
228,,Markus Wheaton,WR,CHI,3000000
229,,Chris Baker,DT,TAM,3000000
230,,Josh McCown,QB,NYJ,3000000
231,,Brent Celek,TE,PHI,3000000
232,,Robert Woods,WR,LAR,3000000
233,,Terrelle Pryor,QB,WAS,3000000
234,,Ricky Wagner,OT,DET,3000000
235,,Russell Okung,T,LAC,3000000
236,,NaVorro Bowman,LB,2TM,3000000
237,,Fletcher Cox,DT,PHI,3000000
238,,Brandon Marshall,WR,NYG,3000000
239,,Derrick Shelby,DE,ATL,3000000
240,,William Gholston,DE,TAM,3000000
241,,Marcus Cooper,CB,CHI,3000000
242,,Kam Chancellor,DB,SEA,3000000
243,,Ryan Kalil,C,CAR,3000000
244,,Johnathan Hankins,DT,IND,3000000
245,,A.J. Bouye,CB,JAX,3000000
246,,Orlando Scandrick,DB,DAL,3000000
247,,T.J. Lang,T,DET,3000000
248,249,Andrew Sendejo,DB,MIN,2950000
249,250,Andre Branch,DE,MIA,2900000
250,,C.J. Anderson,RB,DEN,2900000
251,252,Steve McLendon,DT,NYJ,2875000
252,253,Colt McCoy,QB,WAS,2800000
253,,Kevin Huber,P,CIN,2800000
254,,Brett Kern,P,TEN,2800000
255,,Virgil Green,TE,DEN,2800000
256,,Domata Peko,DT,DEN,2800000
257,,Justin Tucker,K,BAL,2800000
258,259,Jonathan Casillas,LB,NYG,2750000
259,,William Hayes,DE,MIA,2750000
260,,Corey Peters,DT,ARI,2750000
261,,Adam Vinatieri,K,IND,2750000
262,,Reggie Nelson,DB,OAK,2750000
263,,Chris Clark,T,HOU,2750000
264,,Luke Joeckel,OT,SEA,2750000
265,,Kayvon Webster,CB,LAR,2750000
266,267,Todd Davis,LB,DEN,2746000
267,,Marcus Williams,CB,2TM,2746000
268,,Dontrelle Inman,WR,2TM,2746000
269,,Trey Burton,TE,PHI,2746000
270,,Wesley Johnson,OT,NYJ,2746000
271,,Brandon McManus,K,DEN,2746000
272,,Isaiah Crowell,RB,CLE,2746000
273,,Andrew Norwell,G,CAR,2746000
274,,Taylor Gabriel,WR,ATL,2746000
275,,Adam Thielen,WR,MIN,2746000
276,277,Stephen Gostkowski,K,NWE,2700000
277,,Travis Kelce,TE,KAN,2700000
278,279,Ramon Foster,T,PIT,2675000
279,280,Dante Fowler,OLB,JAX,2570478
280,281,Dre Kirkpatrick,CB,CIN,2550000
281,,Drew Stanton,QB,ARI,2550000
282,283,Chris Hogan,WR,NWE,2500000
283,,Morris Claiborne,CB,NYJ,2500000
284,,Cordarrelle Patterson,WR,OAK,2500000
285,,Quintin Demps,DB,CHI,2500000
286,,Jarius Wright,WR,MIN,2500000
287,,Jabaal Sheard,DL,IND,2500000
288,,Brandon Marshall,OLB,DEN,2500000
289,,Jared Cook,TE,OAK,2500000
290,,Patrick Chung,DB,NWE,2500000
291,,Ronald Leary,G,DEN,2500000
292,,Donald Stephenson,T,DEN,2500000
293,,Jamar Taylor,CB,CLE,2500000
294,,Dwayne Allen,TE,NWE,2500000
295,,Abry Jones,DT,JAX,2500000
296,297,Dwayne Harris,WR,NYG,2475000
297,298,Zane Beadles,T,SFO,2450000
298,,Emmanuel Lamur,LB,MIN,2450000
299,300,Johnny Hekker,P,LAR,2444444
300,301,Ryan Succop,K,TEN,2400000
301,,Marquette King,P,OAK,2400000
302,,Da'Norris Searcy,DB,TEN,2400000
303,,Terence Newman,DB,MIN,2400000
304,305,Sam Koch,P,BAL,2300000
305,,Micah Hyde,CB,BUF,2300000
306,,Tom Johnson,DT,MIN,2300000
307,308,Brian Cushing,LB,HOU,2264706
308,309,Chad Henne,QB,JAX,2250000
309,,Terrell McClain,DL,WAS,2250000
310,,Lane Taylor,G,GNB,2250000
311,,Vincent Rey,LB,CIN,2250000
312,,Elvis Dumervil,DE,SFO,2250000
313,,Arthur Moats,LB,PIT,2250000
314,,James Hanna,TE,DAL,2250000
315,,Stacy McGee,DT,WAS,2250000
316,317,Sam Martin,P,DET,2225000
317,318,Jermaine Kearse,WR,NYJ,2200000
318,,Matthew Bosher,P,ATL,2200000
319,,Wesley Woodyard,LB,TEN,2200000
320,321,Anthony Barr,OLB,MIN,2157750
321,322,Shane Vereen,RB,NYG,2150000
322,323,J.J. Wilcox,S,PIT,2125000
323,324,Vance McDonald,TE,PIT,2100000
324,,Mike Daniels,DT,GNB,2100000
325,326,Brandon Carr,DB,BAL,2000000
326,,Ben Ijalana,OL,NYJ,2000000
327,,Josh Robinson,CB,TAM,2000000
328,,Connor Barwin,DE,LAR,2000000
329,,Lorenzo Alexander,LB,BUF,2000000
330,,Vince Williams,ILB,PIT,2000000
331,,Clinton McDonald,DT,TAM,2000000
332,,Justin Bethel,CB,ARI,2000000
333,,D.J. Hayden,CB,DET,2000000
334,,Brice McCain,DB,TEN,2000000
335,,Kyle Juszczyk,FB,SFO,2000000
336,,Vernon Davis,TE,WAS,2000000
337,,Matt Slauson,G,LAC,2000000
338,,Robert Alford,CB,ATL,2000000
339,,Jermaine Gresham,TE,ARI,2000000
340,,Johnathan Cyprien,SS,TEN,2000000
341,,Antoine Bethea,DB,ARI,2000000
342,,Dion Sims,TE,CHI,2000000
343,,D.J. Swearinger,FS,WAS,2000000
344,,Sylvester Williams,DT,TEN,2000000
345,,Brynden Trawick,S,TEN,2000000
346,,Danny Trevathan,OLB,CHI,2000000
347,,William Gay,DB,PIT,2000000
348,,Paul Worrilow,LB,DET,2000000
349,,J.C. Tretter,OG,CLE,2000000
350,,Phil Dawson,K,ARI,2000000
351,,Ted Ginn,WR,NOR,2000000
352,353,Taylor Lewan,OT,TEN,1986136
353,354,Kenny Stills,WR,MIA,1975000
354,355,Ed Dickson,TE,CAR,1950000
355,,Marcus Sherels,DB,MIN,1950000
356,,Marquise Goodwin,WR,SFO,1950000
357,358,Kurt Coleman,LB,CAR,1900000
358,,Everson Griffen,DE,MIN,1900000
359,,Brad Nortman,P,JAX,1900000
360,,Landry Jones,QB,PIT,1900000
361,362,Odell Beckham,WR,NYG,1839027
362,363,Aaron Donald,DT,LAR,1802250
363,364,Rex Burkhead,RB,NWE,1800000
364,365,Telvin Smith,ILB,JAX,1797000
365,,Maurice Alexander,SS,LAR,1797000
366,,Michael Schofield,OT,LAC,1797000
367,,Devon Kennard,OLB,NYG,1797000
368,,William Compton,LB,WAS,1797000
369,,E.J. Gaines,CB,BUF,1797000
370,,Korey Toomer,ILB,LAC,1797000
371,,Donte Moncrief,WR,IND,1797000
372,,Kerry Wynn,DE,NYG,1797000
373,,John Brown,WR,ARI,1797000
374,,Avery Williamson,ILB,TEN,1797000
375,,Kevin Pamphile,OT,TAM,1797000
376,,Shamar Stephen,DT,MIN,1797000
377,,Russell Bodine,OG,CIN,1797000
378,,Anthony Hitchens,OLB,DAL,1797000
379,,Justin Ellis,DT,OAK,1797000
380,,Aaron Colvin,CB,JAX,1797000
381,,Damien Williams,RB,MIA,1797000
382,,Chris Hubbard,G,PIT,1797000
383,,Michael Thomas,S,MIA,1797000
384,,DaQuan Jones,DT,TEN,1797000
385,,Ryan Jensen,T,BAL,1797000
386,,Cameron Fleming,OT,NWE,1797000
387,,Terrance West,RB,BAL,1797000
388,,Charles Leno,OG,CHI,1797000
389,,Bashaud Breeland,CB,WAS,1797000
390,,Aaron Lynch,DE,SFO,1797000
391,,T.J. Carrie,CB,OAK,1797000
392,,Denico Autry,DE,OAK,1797000
393,,Andre Hal,CB,HOU,1797000
394,,Albert Wilson,WR,KAN,1797000
395,,Corey Linsley,C,GNB,1797000
396,,Nevin Lawson,CB,DET,1797000
397,398,Zach Fulton,OG,KAN,1788500
398,399,Spencer Long,OG,WAS,1787000
399,,Richard Rodgers,TE,GNB,1787000
400,401,Travis Swanson,C,DET,1772000
401,402,Preston Brown,ILB,BUF,1762000
402,403,Ryan Fitzpatrick,QB,TAM,1750000
403,,Alan Branch,DT,NWE,1750000
404,,Joe Hawley,G,TAM,1750000
405,,Allen Barbre,T,DEN,1750000
406,,Niles Paul,WR,WAS,1750000
407,,Matt Moore,QB,MIA,1750000
408,,Matt Cassel,QB,TEN,1750000
409,,Scott Tolzien,QB,IND,1750000
410,411,Ereck Flowers,OT,NYG,1743338
411,412,Kyle Fuller,CB,CHI,1740955
412,413,Jared Goff,QB,LAR,1719894
413,414,Ryan Shazier,OLB,PIT,1716438
414,415,Max Unger,C,NOR,1700000
415,,Zach Strief,G,NOR,1700000
416,,Larry Warford,OG,NOR,1700000
417,,A.J. Klein,ILB,NOR,1700000
418,,Ryan Hewitt,FB,CIN,1700000
419,,Luke Stocker,TE,2TM,1700000
420,421,Todd Gurley,RB,LAR,1691653
421,422,Carson Wentz,QB,PHI,1662561
422,423,Earl Mitchell,DT,SFO,1650000
423,,Josh Hill,TE,NOR,1650000
424,,Britton Colquitt,P,CLE,1650000
425,426,Zack Martin,OT,DAL,1642882
426,427,C.J. Mosley,ILB,BAL,1618365
427,428,Trae Waynes,CB,MIN,1611761
428,429,Giovani Bernard,RB,CIN,1600000
429,,Steven Hauschka,K,BUF,1600000
430,431,Eric Ebron,TE,DET,1590337
431,432,Calvin Pryor,FS,JAX,1587716
432,433,Ezekiel Elliott,RB,DAL,1584379
433,434,Ja'Wuan James,OT,MIA,1569327
434,435,Josh Martin,LB,NYJ,1550000
435,,Derek Anderson,QB,CAR,1550000
436,,Zach Brown,OLB,WAS,1550000
437,,Garrett Celek,TE,SFO,1550000
438,439,Desmond Trufant,CB,ATL,1526000
439,440,Austin Howard,T,BAL,1525000
440,441,Jalen Ramsey,FS,JAX,1511409
441,442,Keenan Robinson,OLB,NYG,1500000
442,,Bryan Anger,P,TAM,1500000
443,,Davon House,DB,GNB,1500000
444,,Shane Lechler,P,HOU,1500000
445,,Zach Miller,TE,CHI,1500000
446,,Jordan Poyer,CB,BUF,1500000
447,,Mike Gillislee,RB,NWE,1500000
448,,Kelvin Beachum,T,NYJ,1500000
449,,D.J. Fluker,OT,NYG,1500000
450,,Levine Toilolo,TE,ATL,1500000
451,,Jason McCourty,DB,CLE,1500000
452,,Lerentee McCray,LB,JAX,1500000
453,,Jahleel Addae,S,LAC,1500000
454,,Chris Hairston,OL,LAC,1500000
455,,Alejandro Villanueva,OL,PIT,1500000
456,,Duron Harmon,FS,NWE,1500000
457,,Ryan Groy,OG,BUF,1500000
458,,Robbie Gould,K,SFO,1500000
459,,Jamize Olawale,FB,OAK,1500000
460,,Benson Mayowa,DE,DAL,1500000
461,,Menelik Watson,OT,DEN,1500000
462,,Barkevious Mingo,OLB,IND,1500000
463,,John Simon,DE,IND,1500000
464,,Anthony Fasano,TE,MIA,1500000
465,,Chris Conte,DB,TAM,1500000
466,467,Danny Shelton,DT,CLE,1498970
467,468,Jermon Bushrod,T,MIA,1475000
468,469,Deone Bucannon,SS,ARI,1471255
469,470,Jeff Heath,S,DAL,1471000
470,471,Andrus Peat,OT,NOR,1470773
471,472,Robert Golden,S,PIT,1465000
472,473,Matt Bryant,K,ATL,1450000
473,474,DeVante Parker,WR,MIA,1423776
474,475,Melvin Gordon,RB,LAC,1404980
475,476,Mike Remmers,T,MIN,1400000
476,,Josh Kline,OL,TEN,1400000
477,,Garry Gilliam,T,SFO,1400000
478,,Jurrell Casey,DL,TEN,1400000
479,,Alex Boone,T,ARI,1400000
480,,Nate Allen,DB,MIA,1400000
481,482,Ronnie Stanley,OT,BAL,1381106
482,483,Greg Zuerlein,K,LAR,1375000
483,484,Eddie Lacy,RB,SEA,1365000
484,485,Teddy Bridgewater,QB,MIN,1354023
485,486,Marcus Cannon,OL,NWE,1350000
486,,Jordan Mills,OT,BUF,1350000
487,,Michael Hoomanawanui,TE,NOR,1350000
488,,Marshawn Lynch,RB,OAK,1350000
489,,Eric Decker,WR,TEN,1350000
490,,Erik Walden,DE,TEN,1350000
491,,Nathan Stupar,OLB,NOR,1350000
492,493,Kevin Johnson,CB,HOU,1348583
493,494,Arik Armstead,DE,SFO,1329785
494,495,Marcus Peters,CB,KAN,1306287
495,496,T.J. Johnson,C,CIN,1300000
496,,Nick Perry,DE,GNB,1300000
497,,Sean Lee,LB,DAL,1300000
498,,Patrick DiMarco,FB,BUF,1300000
499,,Andre Roberts,WR,ATL,1300000
500,,Johnson Bademosi,DB,NWE,1300000
501,502,Devonta Freeman,RB,ATL,1297000
502,,Morgan Moses,OT,WAS,1297000
503,504,Travis Frederick,C,DAL,1296000
504,505,Cameron Erving,OT,KAN,1292188
505,506,Nelson Agholor,WR,PHI,1287489
506,507,Cedric Ogbuehi,OT,CIN,1282789
507,508,Ethan Westbrooks,DE,LAR,1282175
508,509,DeForest Buckner,DE,SFO,1276863
509,510,Tyron Smith,OT,DAL,1275000
510,,Senio Kelemete,T,NOR,1275000
511,512,Bud Dupree,DE,PIT,1273390
512,513,Shane Ray,DE,DEN,1263991
513,514,Tyler Bray,QB,KAN,1252500
514,515,Joe Haden,DB,PIT,1250000
515,,Karl Klug,DL,TEN,1250000
516,,Akeem Spence,DT,DET,1250000
517,,Kemal Ishmael,DB,ATL,1250000
518,,Dont'a Hightower,ILB,NWE,1250000
519,,Ben Watson,TE,BAL,1250000
520,,Chris Maragos,DB,PHI,1250000
521,,Kyle Wilber,OLB,DAL,1250000
522,,Andre Smith,T,CIN,1250000
523,,Michael Brockers,DT,LAR,1250000
524,,Daren Bates,LB,TEN,1250000
525,,Jack Crawford,DE,ATL,1250000
526,,Brandon LaFell,WR,CIN,1250000
527,,Danny Amendola,WR,NWE,1250000
528,,Al Woods,DT,IND,1250000
529,,Tyson Alualu,DT,PIT,1250000
530,,Jason Pierre-Paul,DE,NYG,1250000
531,,Aldrick Robinson,WR,SFO,1250000
532,,Kendall Wright,WR,CHI,1250000
533,,Donnie Jones,P,PHI,1250000
534,535,D.J. Humphries,OT,ARI,1245192
535,536,Cornelius Washington,DE,DET,1237500
536,537,Shaq Thompson,OLB,CAR,1235793
537,538,Breshad Perriman,WR,BAL,1226392
538,539,Mason Foster,LB,WAS,1225000
539,540,Byron Jones,CB,DAL,1216995
540,541,Laken Tomlinson,OG,SFO,1212296
541,542,Darrius Heyward-Bey,WR,PIT,1200000
542,,Harry Douglas,WR,TEN,1200000
543,,Ryan Allen,P,NWE,1200000
544,,Dion Lewis,RB,NWE,1200000
545,,Marcus Gilchrist,DB,HOU,1200000
546,,Alfred Morris,RB,DAL,1200000
547,548,Xavier Su'a-Filo,OG,HOU,1177036
548,549,Phillip Dorsett,WR,NWE,1174583
549,550,Jack Conklin,OT,TEN,1172621
550,551,Demarcus Lawrence,DE,DAL,1170907
551,552,Leonard Floyd,OLB,CHI,1167403
552,553,Damarious Randall,FS,GNB,1154612
553,554,Eric Wood,C,BUF,1150000
554,,Jahri Evans,T,GNB,1150000
555,,Linval Joseph,DT,MIN,1150000
556,557,Eli Apple,CB,NYG,1138742
557,558,Malcom Brown,DT,NWE,1127112
558,559,Marqise Lee,WR,JAX,1125549
559,560,Brad Wing,P,NYG,1125000
560,561,Cody Davis,S,LAR,1111111
561,562,Lamarcus Joyner,CB,LAR,1105934
562,563,Craig Robertson,LB,NOR,1105000
563,564,Demetrius Harris,TE,KAN,1100000
564,,Russell Shepard,WR,CAR,1100000
565,,Jonathan Stewart,RB,CAR,1100000
566,,DeAngelo Hall,DB,WAS,1100000
567,,Margus Hunt,DE,IND,1100000
568,,Jacquizz Rodgers,RB,TAM,1100000
569,,Tress Way,P,WAS,1100000
570,,Anthony Sherman,RB,KAN,1100000
571,,L.P. Ladouceur,LS,DAL,1100000
572,,Tank Carradine,DE,SFO,1100000
573,,David DeCastro,G,PIT,1100000
574,575,Jordan Matthews,WR,BUF,1094900
575,576,Vernon Hargreaves,CB,TAM,1094439
576,577,Weston Richburg,C,NYG,1085093
577,578,Eddie Pleasant,SS,HOU,1078000
578,579,Kiko Alonso,ILB,MIA,1075000
579,,Theo Riddick,RB,DET,1075000
580,581,Josh Gordon,WR,CLE,1068406
581,582,Paul Richardson,WR,SEA,1062659
582,583,Marshall Newhouse,GT,OAK,1050000
583,,DeShawn Shead,DB,SEA,1050000
584,585,Sheldon Rankins,DT,NOR,1031893
585,586,Bradley Roby,CB,DEN,1018072
586,587,Timmy Jernigan,DT,PHI,1017284
587,588,Laremy Tunsil,OT,MIA,1016257
588,589,Stephone Anthony,ILB,MIA,1004015
589,590,Charles Johnson,DE,CAR,1000000
590,,Brock Coyle,LB,SFO,1000000
591,,Lawrence Timmons,LB,MIA,1000000
592,,Dekoda Watson,LB,SFO,1000000
593,,Brian Winters,OG,NYJ,1000000
594,,Matt Kalil,OT,CAR,1000000
595,,Frostee Rucker,DE,ARI,1000000
596,,Nick Foles,QB,PHI,1000000
597,,Corey Graham,DB,PHI,1000000
598,,Kelvin Benjamin,WR,2TM,1000000
599,,Ross Cockrell,CB,NYG,1000000
600,,Pat Sims,DT,CIN,1000000
601,,Ryan Mallett,QB,BAL,1000000
602,,Sherrick McManis,DB,CHI,1000000
603,,Karlos Dansby,LB,ARI,1000000
604,,Willie Young,DE,CHI,1000000
605,,La'el Collins,OT,DAL,1000000
606,,Daniel Kilgore,OL,SFO,1000000
607,,Mike Adams,DB,CAR,1000000
608,,Luke Willson,TE,SEA,1000000
609,,Byron Bell,T,DAL,1000000
610,,Eric Weems,WR,TEN,1000000
611,,Tom Compton,T,CHI,1000000
612,,David Harris,LB,NWE,1000000
613,,Mario Addison,DE,CAR,1000000
614,,Beau Brinkley,LSTE,TEN,1000000
615,,Jeremy Maclin,WR,BAL,1000000
616,,Lance Dunbar,RB,LAR,1000000
617,,Kellen Clemens,QB,LAC,1000000
618,,Terrance Williams,WR,DAL,1000000
619,,Justin Durant,LB,DAL,1000000
620,,Alshon Jeffery,WR,PHI,1000000
621,,Breno Giacomini,G,HOU,1000000
622,,Christian Jones,ILB,CHI,1000000
623,,Stephon Tuitt,DT,PIT,1000000
624,,Don Muhlbach,C,DET,1000000
625,,Lee Smith,TE,OAK,1000000
626,,Kamar Aiken,WR,IND,1000000
627,,Mason Crosby,K,GNB,1000000
628,,Danny Woodhead,RB,BAL,1000000
629,,Chris Long,DE,PHI,1000000
630,,Jon Ryan,P,SEA,1000000
631,,Tramon Williams,DB,ARI,1000000
632,,Derrick Johnson,LB,KAN,1000000
633,,Zak DeOssie,LB,NYG,1000000
634,,Tom Brady,QB,NWE,1000000
635,,Adrian Peterson,RB,2TM,1000000
636,,Kasim Edebali,OLB,2TM,1000000
637,,Stephen Paea,DT,DAL,1000000
638,,Tyvon Branch,DB,ARI,1000000
639,,Julius Peppers,DE,CAR,1000000
640,,Anthony Castonzo,OL,IND,1000000
641,,Matthew Stafford,QB,DET,1000000
642,,Darius Butler,DB,IND,1000000
643,,Jack Doyle,TE,IND,1000000
644,,Joe Berger,T,MIN,1000000
645,,Andy Lee,P,ARI,1000000
646,,Mitch Unrein,DT,CHI,1000000
647,,Jonathan Cooper,OG,DAL,1000000
648,,Ryan Schraeder,T,ATL,1000000
649,,Jon Condo,LB,OAK,1000000
650,,Nick Folk,K,TAM,1000000
651,,Brandon Fusco,OL,SFO,1000000
652,,Zach Kerr,NT,DEN,1000000
653,,Nolan Carroll,DB,DAL,1000000
654,,John Kuhn,FB,NOR,1000000
655,,Ahmad Brooks,LB,GNB,1000000
656,,Keenan Allen,WR,LAC,1000000
657,658,Jeremiah Attaochu,OLB,LAC,993150
658,659,Landon Collins,SS,NYG,991415
659,660,Kyle Van Noy,OLB,NWE,990741
660,661,Karl Joseph,SS,OAK,990196
661,662,Darqueze Dennard,CB,CIN,988032
662,663,Donovan Smith,OT,TAM,986715
663,664,Mario Edwards,DE,OAK,982015
664,665,Corey Coleman,WR,CLE,979773
665,666,Rhett Ellison,FB,NYG,975000
666,,Ted Larsen,C,MIA,975000
667,,Don Carey,DB,DET,975000
668,,Kyle Nelson,TE,SFO,975000
669,670,T.J. Yeldon,RB,JAX,972617
670,671,Troy Niklas,TE,ARI,968632
671,672,Preston Smith,DE,WAS,960395
672,673,Dee Ford,DE,KAN,957704
673,674,Davante Adams,WR,GNB,956373
674,675,Eddie Goldman,DT,CHI,951938
675,676,Case Keenum,QB,MIN,950000
676,,Derek Carrier,WR,LAR,950000
677,,Jayrone Elliott,LB,DAL,950000
678,,Reshad Jones,DB,MIA,950000
679,680,Taylor Decker,OT,DET,948499
680,681,T.J. McDonald,FS,MIA,944445
681,682,Keanu Neal,FS,ATL,938075
682,683,Austin Seferian-Jenkins,TE,NYJ,936690
683,684,Alex Okafor,DE,NOR,935000
684,685,Cody Latimer,WR,DEN,925725
685,686,Ryan Kelly,C,IND,925045
686,687,John Jerry,G,NYG,925000
687,688,Benardrick McKinney,ILB,HOU,920921
688,689,Shaq Lawson,DE,BUF,917226
689,690,Darron Lee,OLB,NYJ,914620
690,691,Hau'oli Kikaha,OLB,NOR,913755
691,692,Will Fuller,WR,HOU,912014
692,693,Antonio Brown,WR,PIT,910000
693,694,Jack Mewhort,OT,IND,907337
694,695,Josh Doctson,WR,WAS,906802
695,696,Eric Kendricks,ILB,MIN,903720
696,697,Laquon Treadwell,WR,MIN,901590
697,698,Rey Maualuga,LB,MIA,900000
698,,Eric Berry,DB,KAN,900000
699,,Mike Tolbert,RB,BUF,900000
700,,Anthony Levine,S,BAL,900000
701,,Captain Munnerlyn,DB,CAR,900000
702,,Ramon Humber,LB,BUF,900000
703,,Kendall Langford,DE,HOU,900000
704,,Tavon Wilson,FS,DET,900000
705,,Joe Webb,WR,BUF,900000
706,,LeGarrette Blount,RB,PHI,900000
707,,Morgan Cox,C,BAL,900000
708,,Demario Davis,OLB,NYJ,900000
709,,Phillip Supernaw,TE,TEN,900000
710,,Tramaine Brock,DB,MIN,900000
711,,Sam Young,T,MIA,900000
712,,Connor Barth,K,CHI,900000
713,,Jon Weeks,C,HOU,900000
714,,Nick Sundberg,C,WAS,900000
715,,Frank Zombo,LB,KAN,900000
716,,Alterraun Verner,DB,MIA,900000
717,,Garrison Sanborn,C,TAM,900000
718,,Latavius Murray,RB,MIN,900000
719,,J.J. Jansen,C,CAR,900000
720,,Brett Goode,LB,GNB,900000
721,,Chandler Catanzaro,K,NYJ,900000
722,,Martellus Bennett,TE,2TM,900000
723,,Lamarr Houston,DT,2TM,900000
724,,Jamaal Charles,RB,DEN,900000
725,,Lawrence Guy,DT,NWE,900000
726,,John Sullivan,C,LAR,900000
727,,Matt Slater,WR,NWE,900000
728,,Evander Hood,DT,WAS,900000
729,,Brandon Tate,WR,BUF,900000
730,,Roy Miller,DT,KAN,900000
731,,Blaine Gabbert,QB,ARI,900000
732,,Glover Quin,DB,DET,900000
733,,Colt Anderson,DB,BUF,900000
734,,Caleb Sturgis,K,PHI,900000
735,,Mike Windt,C,LAC,900000
736,,John Denney,DE-C,MIA,900000
737,,Chase Daniel,QB,NOR,900000
738,,Darren McFadden,RB,DAL,900000
739,,Lardarius Webb,DB,BAL,900000
740,741,Allen Robinson,WR,JAX,898755
741,742,Jarvis Landry,WR,MIA,893852
742,743,Justin Britt,OT,SEA,891400
743,744,William Jackson,CB,CIN,891166
744,745,Michael Floyd,WR,MIN,887058
745,746,Artie Burns,CB,PIT,885954
746,747,Darryl Tapp,DE,TAM,882353
747,748,Jeremy Hill,RB,CIN,881855
748,749,Paxton Lynch,QB,DEN,880741
749,750,Eric Rowe,CB,NWE,878623
750,751,Kenny Clark,DT,GNB,875529
751,752,Ryan Griffin,TE,HOU,875000
752,753,Jason Verrett,CB,LAC,860000
753,754,Fozzy Whittaker,RB,CAR,850000
754,,Manti Te'o,ILB,NOR,850000
755,,Colton Schmidt,P,BUF,850000
756,,LaRoy Reynolds,LB,ATL,850000
757,,Chris Banjo,S,NOR,850000
758,,Nate Palmer,LB,TEN,850000
759,,Vlad Ducasse,G,BUF,850000
760,,Matt Tobin,T,SEA,850000
761,762,Chris Johnson,RB,ARI,847059
762,763,Nate Orchard,OLB,CLE,841028
763,764,Robert Nkemdiche,DT,ARI,840936
764,765,Keith Tandy,S,TAM,840000
765,766,Devin Funchess,WR,CAR,836900
766,767,Mitch Morse,OT,KAN,834826
767,768,Denzel Perryman,ILB,LAC,831724
768,769,Vernon Butler,DT,CAR,831660
769,770,Jordan Phillips,DT,MIA,831628
770,771,Germain Ifedi,OT,SEA,825687
771,772,Nate Ebner,DB,NWE,825000
772,773,Carlos Hyde,RB,SFO,822047
773,774,Jimmy Garoppolo,QB,SFO,820077
774,775,Kony Ealy,DE,NYJ,803660
775,776,Maxx Williams,TE,BAL,803431
776,777,Ronald Darby,CB,PHI,800426
777,778,Michael Wilhoite,LB,SEA,800000
778,,Sealver Siliga,DT,TAM,800000
779,,Neiko Thorpe,DB,SEA,800000
780,,Lance Kendricks,TE,GNB,800000
781,,Bradley McDougald,FS,SEA,800000
782,,Shareece Wright,DB,BUF,800000
783,,LaAdrian Waddle,T,NWE,800000
784,,Joe Looney,G,DAL,800000
785,,Kevin Minter,ILB,CIN,800000
786,,James Develin,RB,NWE,800000
787,,Robert Turbin,RB,IND,800000
788,,Andre Holmes,WR,BUF,800000
789,,Chris Jones,P,DAL,800000
790,,Brice Butler,WR,DAL,800000
791,,Blair Walsh,K,SEA,800000
792,793,Trai Turner,OG,CAR,797000
793,794,Rob Havenstein,OT,LAR,795911
794,795,Ricky Jean-Francois,DT,2TM,794118
795,796,Billy Turner,OT,DEN,794000
796,797,Jaquiski Tartt,SS,SFO,792910
797,798,Markus Golden,OLB,ARI,791212
798,799,Ty Sambrailo,OT,ATL,784633
799,800,Brandin Cooks,WR,NWE,781599
800,801,Josh Harris,LS,ATL,780000
801,802,Ha Ha Clinton-Dix,FS,GNB,778534
802,803,Quinten Rollins,CB,GNB,775233
803,804,Quinton Dial,DE,GNB,775001
804,805,Austin Davis,QB,SEA,775000
805,,Josh Bynes,LB,ARI,775000
806,,Brandon Williams,TE,IND,775000
807,,Geno Smith,QB,NYG,775000
808,,Chris Carter,DL,WAS,775000
809,,Colin Jones,DB,CAR,775000
810,,Josh Bellamy,WR,CHI,775000
811,,Terence Garvin,LB,SEA,775000
812,,Brian Quick,WR,WAS,775000
813,,Jaron Brown,WR,ARI,775000
814,,Rashaan Melvin,CB,IND,775000
815,,Zach Ertz,TE,PHI,775000
816,,Coty Sensabaugh,CB,PIT,775000
817,,Julian Stanford,LB,NYJ,775000
818,,Brandon Williams,DT,BAL,775000
819,,A.Q. Shipley,C,ARI,775000
820,,John Jenkins,DT,CHI,775000
821,,Jimmy Smith,CB,BAL,775000
822,,Taiwan Jones,RB,BUF,775000
823,,Wes Horton,DE,CAR,775000
824,,Sam Acho,OLB,CHI,775000
825,,Randy Bullock,K,CIN,775000
826,,Dennis Kelly,OT,TEN,775000
827,,Bruce Carter,LB,NYJ,775000
828,,Cameron Heyward,DE,PIT,775000
829,,Amini Silatolu,T,CAR,775000
830,,Blidi Wreh-Wilson,CB,ATL,775000
831,,Brock Osweiler,QB,DEN,775000
832,,Jordan Todman,RB,HOU,775000
833,,Josh LeRibeus,G,NOR,775000
834,,Rafael Bush,S,NOR,775000
835,,Oday Aboushi,OT,SEA,775000
836,,Tyrunn Walker,DL,LAR,775000
837,,Andre Ellington,RB,2TM,775000
838,,Ryan Davis,DE,BUF,775000
839,,Darryl Morris,CB,NYG,775000
840,,J.T. Thomas,LB,NYG,775000
841,,Jake McQuaide,LS,LAR,775000
842,,Benny Cunningham,RB,CHI,775000
843,,Tony Bergstrom,OT,2TM,775000
844,,Courtney Upshaw,OLB,ATL,775000
845,,Robert McClain,DB,TAM,775000
846,,Kevin McDermott,LS,MIN,775000
847,,Brian Schwenke,C,TEN,775000
848,,EJ Manuel,QB,OAK,775000
849,,Stefen Wisniewski,OL,PHI,775000
850,,Ben Jacobs,LB,CAR,775000
851,,Nickell Robey-Coleman,CB,LAR,775000
852,,Sterling Moore,CB,NOR,775000
853,,Jeremy Kerley,WR,NYJ,775000
854,,Austin Pasztor,OL,ATL,775000
855,,Kai Forbath,K,MIN,775000
856,,Rodney McLeod,S,PHI,775000
857,,Arrelious Benn,WR,JAX,775000
858,,Junior Galette,DE,WAS,775000
859,,Patrick Omameh,G,JAX,775000
860,,Doug Baldwin,WR,SEA,775000
861,,Leonard Johnson,CB,BUF,775000
862,,Najee Goode,ILB,PHI,775000
863,,Bradley Sowell,T,CHI,775000
864,,Cedric Thornton,DT,BUF,775000
865,,MarQueis Gray,TE,MIA,775000
866,,Jarvis Jenkins,DL,KAN,775000
867,,Patrick Robinson,DB,PHI,775000
868,,Aaron Brewer,LS,ARI,775000
869,,Justin Hunter,WR,PIT,775000
870,,Brandon Bolden,RB,NWE,775000
871,,Matt Overton,LS,JAX,775000
872,,Ryan Quigley,P,MIN,775000
873,,Kyle Love,DT,CAR,775000
874,,Damion Square,DE,LAC,775000
875,,David Bakhtiari,OT,GNB,775000
876,,Logan Paulsen,TE,SFO,775000
877,878,Frank Clark,DE,SEA,774294
878,879,Jordan Richards,SS,NWE,772413
879,880,Jake Fisher,OT,CIN,772229
880,881,Charles Sims,RB,TAM,764000
881,882,Chance Warmack,OG,PHI,760000
882,883,Emmanuel Ogbah,DE,CLE,750438
883,884,Branden Oliver,RB,LAC,750000
884,,Josh Mauro,DE,ARI,750000
885,886,Kevin Dodd,DE,TEN,747832
886,887,Jaylon Smith,OLB,DAL,745226
887,888,Hunter Henry,TE,LAC,740014
888,889,Myles Jack,OLB,JAX,737929
889,890,Sean Mannion,QB,LAR,730037
890,891,Steven Johnson,LB,2TM,729412
891,,Jeff Locke,P,DET,729412
892,,Asa Jackson,CB,SFO,729412
893,,Nick Bellore,LB,DET,729412
894,,Sean Spence,LB,2TM,729412
895,896,Jelani Jenkins,OLB,HOU,729411
896,897,Xavien Howard,CB,MIA,728547
897,898,Jay Bromley,DT,NYG,725000
898,899,Noah Spence,DE,TAM,724377
899,900,A.J. Cann,OG,JAX,721000
900,901,Sterling Shepard,WR,NYG,720208
901,902,Reggie Ragland,ILB,KAN,715517
902,903,Kamalei Correa,OLB,BAL,711347
903,904,Clive Walford,TE,OAK,710646
904,905,Kareem Martin,DE,ARI,710000
905,906,Chris Jones,DT,KAN,708238
906,907,Austin Johnson,DT,TEN,707374
907,908,Leon Hall,DB,SFO,705882
908,909,Terrence Brooks,FS,NYJ,705000
909,910,Ali Marpet,C,TAM,703054
910,911,Jihad Ward,DE,OAK,701809
911,912,Jerick McKinnon,RB,MIN,700000
912,,Tre Boston,FS,LAC,700000
913,,Charcandrick West,RB,KAN,700000
914,,Logan Thomas,TE,BUF,700000
915,,Darren Fells,TE,DET,700000
916,,James Hurst,OT,BAL,700000
917,,Phillip Gaines,CB,KAN,700000
918,,Michael Campanaro,WR,BAL,700000
919,,Jonotthan Harrison,C,NYJ,700000
920,921,Derrick Henry,RB,TEN,695815
921,922,Tyler Lockett,WR,SEA,695000
922,923,Alfred Blue,RB,HOU,690000
923,,Derrick Coleman,RB,ATL,690000
924,,Steven Terrell,DB,KAN,690000
925,,Tyler Shatley,OG,JAX,690000
926,,Tommy Bohanon,FB,JAX,690000
927,,Antone Exum,CB,SFO,690000
928,,Pierre Desir,CB,IND,690000
929,,Nick Williams,WR,ATL,690000
930,,Mike Pennel,DT,NYJ,690000
931,,Ty Nsekhe,T,WAS,690000
932,,Terrance Mitchell,CB,KAN,690000
933,,Chris Smith,DE,CIN,690000
934,,Kenneth Acker,CB,KAN,690000
935,,De'Anthony Thomas,RB,KAN,690000
936,,Tom Savage,QB,HOU,690000
937,,Daniel Sorensen,S,KAN,690000
938,,Ryan Grant,WR,WAS,690000
939,,Laurent Duvernay-Tardif,OT,KAN,690000
940,,Marcus Burley,CB,HOU,690000
941,,Daniel McCullers,DT,PIT,690000
942,,Marquis Flowers,OLB,NWE,690000
943,,Beau Allen,DT,PHI,690000
944,,Marcus Smith,DE,SEA,690000
945,,Walt Aikens,CB,MIA,690000
946,,Bruce Ellington,WR,HOU,690000
947,,Jimmie Ward,SS,SFO,690000
948,,Corey Nelson,OLB,DEN,690000
949,,Nat Berhe,SS,NYG,690000
950,,Orleans Darkwa,RB,NYG,690000
951,,Brent Urban,DE,BAL,690000
952,,Dontae Johnson,FS,SFO,690000
953,,David King,DE,TEN,690000
954,,Andrew DePaola,LS,CHI,690000
955,,T.J. Jones,WR,DET,690000
956,,Jordan Tripp,OLB,ATL,690000
957,,Adarius Glanton,LB,TAM,690000
958,,Cameron Brate,TE,TAM,690000
959,,Jake Matthews,OT,ATL,690000
960,,Keith McGill,CB,OAK,690000
961,,Dakota Dozier,OT,NYJ,690000
962,,Sammy Watkins,WR,LAR,690000
963,,Will Clarke,DE,TAM,690000
964,,Pat O'Donnell,P,CHI,690000
965,,Jerel Worthy,DT,BUF,690000
966,,Ben Garland,DL,ATL,690000
967,,James White,RB,NWE,690000
968,,Jonathan Bostic,LB,IND,690000
969,,Mike Evans,WR,TAM,690000
970,,Khalil Mack,OLB,OAK,690000
971,,Kevin Pierre-Louis,OLB,KAN,690000
972,,Jadeveon Clowney,DE,HOU,690000
973,,Kenny Wiggins,T,LAC,690000
974,,Luke Bowanko,C,BAL,690000
975,,Dustin Hopkins,K,WAS,690000
976,,Keith Smith,LB,DAL,690000
977,,Brandon Dunn,DT,HOU,690000
978,,Jay Prosch,FB,HOU,690000
979,,A.J. McCarron,QB,CIN,690000
980,,Terrence Fede,DE,MIA,690000
981,,Jaylen Watkins,CB,PHI,690000
982,,Adrian Phillips,DB,LAC,690000
983,,Joe Banyard,RB,BUF,690000
984,,Cody Parkey,K,MIA,690000
985,,Brittan Golden,WR,ARI,690000
986,,Steven Means,DE,PHI,690000
987,,Dewey McDonald,S,SEA,690000
988,,Peyton Thompson,CB,JAX,690000
989,,Jeff Janis,WR,GNB,690000
990,,Jeremiah Sirles,OT,MIN,690000
991,,Kerwynn Williams,RB,ARI,690000
992,,Bene Benwikere,CB,DAL,690000
993,,Cassius Marsh,DE,2TM,690000
994,995,Nick Novak,K,LAC,688235
995,,John Hughes,DT,NOR,688235
996,,John Greco,T,NYG,688235
997,998,A'Shawn Robinson,DT,DET,687892
998,999,Ameer Abdullah,RB,DET,687830
999,1000,Hroniss Grasu,C,CHI,687500
1000,1001,Jamon Brown,OT,LAR,686686
1001,1002,George Johnson,DE,2TM,683824
1002,,Johnthan Banks,CB,HOU,683824
1003,,Robert Blanton,CB,BUF,683824
1004,,David Bass,DE,2TM,683824
1005,1006,Damontre Moore,DE,DAL,683823
1006,1007,Michael Thomas,WR,NOR,682681
1007,1008,Tevin Coleman,RB,ATL,680000
1008,1009,Jason Spriggs,OT,GNB,677468
1009,1010,Jarran Reed,DT,SEA,672256
1010,1011,Nick Martin,C,HOU,667044
1011,1012,Deion Jones,OLB,ATL,656620
1012,1013,David Amerson,CB,OAK,650000
1013,1014,Cornelius Lucas,T,LAR,649412
1014,1015,Jordan Devey,T,KAN,649408
1015,1016,Mackensie Alexander,CB,MIN,646196
1016,1017,Jaelen Strong,WR,2TM,644705
1017,1018,Tyler Boyd,WR,CIN,643589
1018,1019,Duke Johnson,RB,CLE,642500
1019,1020,Cody Whitehair,OG,CHI,642026
1020,1021,P.J. Williams,CB,NOR,640000
1021,1022,T.J. Green,FS,IND,639420
1022,1023,Tim Lelito,G,DET,638235
1023,1024,Danielle Hunter,DE,MIN,636000
1024,1025,Sean Davis,FS,PIT,635771
1025,1026,Justin Drescher,C,ARI,635292
1026,1027,Chris Conley,WR,KAN,635000
1027,1028,Eli Harold,OLB,SFO,634000
1028,1029,Jordan Hicks,OLB,PHI,633000
1029,1030,Carl Davis,DT,BAL,630750
1030,1031,Vonn Bell,SS,NOR,630559
1031,1032,Chaz Green,OT,DAL,630375
1032,1033,James Bradberry,CB,CAR,630038
1033,1034,Henry Anderson,DE,IND,629500
1034,1035,Adam Gotsis,DT,DEN,628996
1035,1036,Tyler Kroft,TE,CIN,628000
1036,1037,Ty Montgomery,WR/RB,GNB,625000
1037,1038,Kevin Byard,S,TEN,618566
1038,1039,Steven Nelson,CB,KAN,618500
1039,1040,Carl Nassib,DE,CLE,618110
1040,1041,Max Garcia,C,DEN,615000
1041,,Matt Paradis,C,DEN,615000
1042,,Jon Feliciano,OG,OAK,615000
1043,,Thomas Rawls,RB,SEA,615000
1044,,Amari Cooper,WR,OAK,615000
1045,,Trey Flowers,DE,NWE,615000
1046,,Sean McGrath,TE,LAC,615000
1047,,Xavier Williams,DT,ARI,615000
1048,,Trent Brown,OT,SFO,615000
1049,,John Miller,OG,BUF,615000
1050,,Rodney Gunter,DT,ARI,615000
1051,,Josh Wells,T,JAX,615000
1052,,T.J. Clemmings,OT,WAS,615000
1053,,Seth Roberts,WR,OAK,615000
1054,,Geremy Davis,WR,LAC,615000
1055,,Darrell Williams,T,LAR,615000
1056,,Jason Myers,K,JAX,615000
1057,,Andrew Donnal,OT,BAL,615000
1058,,Za'Darius Smith,DE,BAL,615000
1059,,Quinton Dunbar,WR,WAS,615000
1060,,Marcus Mariota,QB,TEN,615000
1061,,Jalston Fowler,FB,TEN,615000
1062,,Bradley Pinion,P,SFO,615000
1063,,Jesse James,TE,PIT,615000
1064,,Cameron Artis-Payne,RB,CAR,615000
1065,,Ibraheim Campbell,SS,2TM,615000
1066,,Quan Bray,WR,IND,615000
1067,,Jay Ajayi,RB,2TM,615000
1068,,Brett Jones,C,NYG,615000
1069,,Denzelle Good,OT,IND,615000
1070,,Jamison Crowder,WR,WAS,615000
1071,,Aaron Ripkowski,FB,GNB,615000
1072,,Jonathan Anderson,LB,CHI,615000
1073,,Will Tye,TE,NYJ,615000
1074,,Chris McCain,LB,LAC,615000
1075,,Greg Van Roten,G,CAR,615000
1076,,Anthony Harris,DB,MIN,615000
1077,,Matt Longacre,DE,LAR,615000
1078,,Bobby Hart,OG,NYG,615000
1079,,JJ Nelson,WR,ARI,615000
1080,,Jameis Winston,QB,TAM,615000
1081,,Neal Sterling,WR,NYJ,615000
1082,,Darryl Roberts,CB,NYJ,615000
1083,,David Andrews,C,NWE,615000
1084,,Ladarius Gunter,CB,2TM,615000
1085,,C.J. Uzomah,TE,CIN,615000
1086,,Kevin White,WR,CHI,615000
1087,,Chris Boswell,K,PIT,615000
1088,,Raheem Mostert,RB,SFO,615000
1089,,Daryl Williams,OT,CAR,615000
1090,,A.J. Derby,TE,2TM,615000
1091,,Kendall Lamm,T,HOU,615000
1092,,Adrian Amos,FS,CHI,615000
1093,,Grady Jarrett,DT,ATL,615000
1094,,Nick O'Leary,TE,BUF,615000
1095,,Justin Hardy,WR,ATL,615000
1096,,Brent Qvale,T,NYJ,615000
1097,,Mike Hull,ILB,MIA,615000
1098,,Christian Covington,DT,HOU,615000
1099,,James O'Shaughnessy,TE,JAX,615000
1100,,Brandon Coleman,WR,NOR,615000
1101,,Shelby Harris,DE,DEN,615000
1102,,Leonard Williams,DT,NYJ,615000
1103,,Brett Hundley,QB,GNB,615000
1104,,Joe Thomas,LB,GNB,615000
1105,,Kwon Alexander,OLB,TAM,615000
1106,,T.Y. McGill,DT,CLE,615000
1107,,Tyrell Williams,WR,LAC,615000
1108,,Quinton Spain,OG,TEN,615000
1109,,Greg Mancz,C,HOU,615000
1110,,Nick Easton,C,MIN,615000
1111,,Darius Philon,DT,LAC,615000
1112,,Michael Burton,FB,CHI,615000
1113,,Justin Coleman,CB,SEA,615000
1114,,Deshazor Everett,CB,WAS,615000
1115,,Damien Wilson,ILB,DAL,615000
1116,,Brian Peters,LB,HOU,615000
1117,,Bennie Fowler,WR,DEN,615000
1118,,Jamie Meder,DT,CLE,615000
1119,,Martavis Bryant,WR,PIT,615000
1120,,Sammie Coates,WR,CLE,615000
1121,,David Mayo,ILB,CAR,615000
1122,,Clayton Geathers,SS,IND,615000
1123,,Tyler Patmon,CB,JAX,615000
1124,,Javorius Allen,RB,BAL,615000
1125,,Ramik Wilson,ILB,KAN,615000
1126,,Bobby McCain,CB,MIA,615000
1127,,Nick Boyle,TE,BAL,615000
1128,,Mark Glowinski,OG,SEA,615000
1129,,Shaquil Barrett,OLB,DEN,615000
1130,,Stefon Diggs,WR,MIN,615000
1131,,Brandon Scherff,G,WAS,615000
1132,,Blake Bell,TE,MIN,615000
1133,,Martrell Spaight,OLB,WAS,615000
1134,,Ricardo Allen,CB,ATL,615000
1135,,Roosevelt Nix,LB,PIT,615000
1136,,Trevor Siemian,QB,DEN,615000
1137,,Tyeler Davison,DT,NOR,615000
1138,,Brandon King,DB,NWE,615000
1139,,Daniel Brown,WR,CHI,615000
1140,,Bryce Hager,ILB,LAR,615000
1141,,Kyle Emanuel,OLB,LAC,615000
1142,,Dexter McDonald,CB,OAK,615000
1143,,Vic Beasley,OLB,ATL,615000
1144,,Lorenzo Doss,CB,DEN,615000
1145,,Willie Snead,WR,NOR,615000
1146,,Corey Grant,RB,JAX,615000
1147,,Dion Jordan,DE,SEA,615000
1148,,Rakeem Nunez-Roches,DT,KAN,615000
1149,,Jake Ryan,OLB,GNB,615000
1150,,K'Waun Williams,DB,SFO,615000
1151,,Quandre Diggs,CB,DET,615000
1152,,Rod Smith,RB,DAL,615000
1153,,D.J. Alexander,OLB,SEA,615000
1154,,Leterrius Walton,DT,PIT,615000
1155,,Anthony Steen,OG,MIA,615000
1156,,Khari Lee,TE,BUF,615000
1157,,Zach Zenner,RB,DET,615000
1158,,Hayes Pullard,ILB,LAC,615000
1159,,David Johnson,RB,ARI,615000
1160,,Joe Cardona,LS,NWE,615000
1161,,Terron Ward,RB,ATL,615000
1162,,Kurtis Drummond,S,HOU,615000
1163,,Anthony Chickillo,DE,PIT,615000
1164,,Josh Shaw,CB,CIN,615000
1165,,Jordan Berry,P,PIT,615000
1166,,Ayodeji Olatoye,DB,2TM,615000
1167,,Geoff Swaim,TE,DAL,615000
1168,,Zac Kerin,C,DET,615000
1169,,Bryce Callahan,CB,CHI,615000
1170,,Jared Abbrederis,WR,DET,615000
1171,,Charley Hughlett,LS,CLE,615000
1172,,Josh Walker,G,JAX,615000
1173,,Craig Mager,CB,LAC,615000
1174,,Shaq Mason,C,NWE,615000
1175,,Chris Matthews,WR,BAL,615000
1176,,Corey Robinson,OT,DET,615000
1177,,Tre McBride,WR,CHI,615000
1178,,Jeremiah George,ILB,IND,615000
1179,,Derron Smith,FS,2TM,615000
1180,,Ryan Russell,DE,TAM,615000
1181,,Adam Humphries,WR,TAM,615000
1182,,Jeff Heuerman,TE,DEN,615000
1183,,James Winchester,LS,KAN,615000
1184,,Bryce Petty,QB,NYJ,615000
1185,,Rontez Miles,FS,NYJ,615000
1186,1187,Maliek Collins,DT,DAL,612500
1187,1188,Deandre Coleman,DT,BUF,608820
1188,1189,Yannick Ngakoue,OLB,JAX,605041
1189,1190,Cody Kessler,QB,CLE,604049
1190,1191,Bronson Kaufusi,DE,BAL,603500
1191,1192,Jonathan Bullard,DE,CHI,599000
1192,1193,Kenyan Drake,RB,MIA,595000
1193,1194,Marcus Cromartie,CB,HOU,592647
1194,,Earl Watford,OG,ARI,592647
1195,,Shamarko Thomas,SS,BUF,592647
1196,,Michael Person,OL,IND,592647
1197,1198,Zach Line,FB,NOR,592644
1198,,Stevan Ridley,RB,PIT,592644
1199,1200,Dwight Freeney,DE,2TM,588235
1200,1201,Darian Thompson,FS,NYG,585000
1201,1202,Ahtyba Rubin,NT,2TM,582353
1202,,Leger Douzable,DT,SFO,582353
1203,1204,C.J. Spiller,RB,KAN,582253
1204,1205,Jacoby Brissett,QB,IND,580038
1205,1206,Akeem Hunt,RB,KAN,578824
1206,1207,Isaac Seumalo,OG,PHI,574000
1207,1208,KeiVarae Russell,CB,CIN,570000
1208,1209,Kenjon Barner,RB,PHI,568235
1209,1210,Shon Coleman,OT,CLE,568000
1210,1211,C.J. Prosise,RB,SEA,565000
1211,1212,Brandon Williams,CB,ARI,563500
1212,1213,Le'Raven Clark,OT,IND,563000
1213,1214,Nick Vannett,TE,SEA,562000
1214,1215,Jordan Jenkins,OLB,NYJ,560000
1215,,Leonte Carroo,WR,MIA,560000
1216,,Daryl Worley,CB,CAR,560000
1217,,Kyler Fackrell,OLB,GNB,560000
1218,,Javon Hargrave,DT,PIT,560000
1219,1220,Graham Glasgow,OG,DET,558500
1220,1221,Kendall Fuller,CB,WAS,557500
1221,,Braxton Miller,WR,HOU,557500
1222,1223,Rees Odhiambo,OG,SEA,553000
1223,1224,Gerald Hodges,OLB,NOR,547059
1224,1225,Bobby Rainey,RB,BAL,547056
1225,1226,Troy Hill,CB,LAR,542647
1226,,Matt Jones,RB,IND,542647
1227,,L.J. Fort,LB,PIT,542647
1228,,John Timu,ILB,CHI,542647
1229,,David Parry,NT,NOR,542647
1230,,Nick Dzubnar,LB,LAC,542647
1231,,Geneo Grissom,OLB,NWE,542647
1232,1233,Joe Vellano,DT,ATL,542640
1233,1234,Tyreek Hill,WR,KAN,540000
1234,,Javien Elliott,CB,TAM,540000
1235,,Joey Bosa,DE,LAC,540000
1236,,Johnny Holton,WR,OAK,540000
1237,,Miles Killebrew,SS,DET,540000
1238,,Riley Dixon,P,DEN,540000
1239,,Senorise Perry,RB,MIA,540000
1240,,Matthew Ioannidis,DT,WAS,540000
1241,,Darius Latham,DT,OAK,540000
1242,,Kaelin Clay,WR,2TM,540000
1243,,Elandon Roberts,ILB,NWE,540000
1244,,Christopher Milton,CB,IND,540000
1245,,Drew Kaser,P,LAC,540000
1246,,Justin Simmons,FS,DEN,540000
1247,,Romeo Okwara,DE,NYG,540000
1248,,Wendell Smallwood,RB,PHI,540000
1249,,Austin Hooper,TE,ATL,540000
1250,,Rick Lovato,LS,PHI,540000
1251,,Cody Core,WR,CIN,540000
1252,,Ben Koyack,TE,JAX,540000
1253,,Adolphus Washington,DT,BUF,540000
1254,,Rashawn Scott,WR,MIA,540000
1255,,Jarrod Wilson,S,JAX,540000
1256,,Brandon Shell,OT,NYJ,540000
1257,,Bryan Witzmann,T,KAN,540000
1258,,Lac Edwards,P,NYJ,540000
1259,,Chester Rogers,WR,IND,540000
1260,,Michael Palardy,P,CAR,540000
1261,,Matthias Farley,DB,IND,540000
1262,,Dan Vitale,FB,CLE,540000
1263,,Tanner McEvoy,WR,SEA,540000
1264,,Xavier Grimble,TE,PIT,540000
1265,,Robert Kelley,RB,WAS,540000
1266,,David Onyemata,DT,NOR,540000
1267,,Charles Tapper,DE,DAL,540000
1268,,Jordan Howard,RB,CHI,540000
1269,,Clayton Fejedelem,FS,CIN,540000
1270,,Jake Brendel,C,MIA,540000
1271,,Charone Peake,WR,NYJ,540000
1272,,Connor McGovern,OG,DEN,540000
1273,,Joe Schobert,OLB,CLE,540000
1274,,Spencer Drango,OG,CLE,540000
1275,,Anthony Brown,CB,DAL,540000
1276,,Chris Manhertz,TE,CAR,540000
1277,,Joe Thuney,OG,NWE,540000
1278,,Ted Karras,OG,NWE,540000
1279,,Evan Boehm,C,ARI,540000
1280,,Tyler Ott,LS,SEA,540000
1281,,Will Parks,S,DEN,540000
1282,,Ricardo Louis,WR,CLE,540000
1283,,Tye Smith,CB,TEN,540000
1284,,Jeremy Cash,SS,CAR,540000
1285,,Austin Reiter,C,CLE,540000
1286,,J.D. McKissic,WR,SEA,540000
1287,,Wes Schweitzer,OT,ATL,540000
1288,,Caleb Benenoch,OT,TAM,540000
1289,,Hassan Ridgeway,DT,IND,540000
1290,,Joe Dahl,OG,DET,540000
1291,,Olsen Pierre,DT,ARI,540000
1292,,LeShaun Sims,CB,TEN,540000
1293,,Alex Erickson,WR,CIN,540000
1294,,David Morgan,TE,MIN,540000
1295,,Sheldon Day,DT,2TM,540000
1296,,De'Vondre Campbell,OLB,ATL,540000
1297,,C.J. Goodwin,WR,2TM,540000
1298,,Jakeem Grant,WR,MIA,540000
1299,,Dwayne Washington,RB,DET,540000
1300,,Michael Bennett,DT,JAX,540000
1301,,Willie Henry,DT,BAL,540000
1302,,Kavon Frazier,FS,DAL,540000
1303,,Brian Mihalik,DE,DET,540000
1304,,Stephen Weatherly,OLB,MIN,540000
1305,,Cre'von LeBlanc,DB,CHI,540000
1306,,Patrick Onwuasor,LB,BAL,540000
1307,,Tyrone Holmes,OLB,CLE,540000
1308,,Randall Telfer,TE,CLE,540000
1309,,Jerell Adams,TE,NYG,540000
1310,,Kalan Reed,CB,TEN,540000
1311,,Joel Heath,DT,HOU,540000
1312,,Kentrell Brothers,ILB,MIN,540000
1313,,Jalen Richard,RB,OAK,540000
1314,,Tyler Larsen,C,CAR,540000
1315,,Zaire Anderson,LB,DEN,540000
1316,,Jalen Mills,CB,PHI,540000
1317,,Kamu Grugier-Hill,OLB,PHI,540000
1318,,Ufomba Kamalu,DE,HOU,540000
1319,,Christian Westerman,OG,CIN,540000
1320,,Peyton Barber,RB,TAM,540000
1321,,D.J. Reader,DT,HOU,540000
1322,,Pharoh Cooper,WR,LAR,540000
1323,,David Fluellen,RB,TEN,540000
1324,,Ken Crawley,DB,NOR,540000
1325,,Derek Watt,FB,LAC,540000
1326,,Michael Pierce,DT,BAL,540000
1327,,Cory James,OLB,OAK,540000
1328,,Jayron Kearse,SS,MIN,540000
1329,,John Wetzel,T,ARI,540000
1330,,Brian Price,DT,DAL,540000
1331,,Jordan Taylor,WR,DEN,540000
1332,,Erik Harris,DB,OAK,540000
1333,,Jonathan Jones,DB,NWE,540000
1334,,DeAndre Washington,RB,OAK,540000
1335,,Eric Tomlinson,TE,NYJ,540000
1336,,Mike Jordan,DB,CLE,540000
1337,,Lafayette Pitts,CB,2TM,540000
1338,,Tyler Matakevich,ILB,PIT,540000
1339,,Rashod Hill,T,MIN,540000
1340,,Xavier Woodson-Luster,LB,OAK,540000
1341,,Brian Poole,S,ATL,540000
1342,,Kyle Murphy,OT,GNB,540000
1343,,Ryan Smith,CB,TAM,540000
1344,,Dominique Alexander,LB,CLE,540000
1345,,Sharrod Neasman,S,ATL,540000
1346,,Nick Kwiatkoski,ILB,CHI,540000
1347,,Stephen Anderson,TE,HOU,540000
1348,,Matt Judon,DE,BAL,540000
1349,,Briean Boddy-Calhoun,DB,CLE,540000
1350,,Juston Burris,CB,NYJ,540000
1351,,Rashard Robinson,CB,2TM,540000
1352,,Corey Moore,S,HOU,540000
1353,,Antonio Hamilton,CB,OAK,540000
1354,,Tommylee Lewis,WR,NOR,540000
1355,,Anthony Zettel,DE,DET,540000
1356,,Spencer Pulley,C,LAC,540000
1357,,Josh Ferguson,RB,IND,540000
1358,,Tyrell Adams,LB,OAK,540000
1359,,Eric Murray,CB,KAN,540000
1360,,Kentrell Brice,S,GNB,540000
1361,,Vadal Alexander,OG,OAK,540000
1362,,Marqui Christian,SS,LAR,540000
1363,,Tyler Higbee,TE,LAR,540000
1364,,Halapoulivaati Vaitai,OT,PHI,540000
1365,,Cory Littleton,LB,LAR,540000
1366,,Dean Lowry,DE,GNB,540000
1367,,B.J. Goodson,OLB,NYG,540000
1368,,Blake Countess,CB,LAR,540000
1369,,Casey Kreiter,LS,DEN,540000
1370,,Josh Hawkins,CB,GNB,540000
1371,,Robert Thomas,NT,NYG,540000
1372,,Jatavis Brown,OLB,LAC,540000
1373,,Parker Ehinger,OG,KAN,540000
1374,,Andy Janovich,FB,DEN,540000
1375,,Demarcus Robinson,WR,KAN,540000
1376,,Devontae Booker,RB,DEN,540000
1377,,Tyler Ervin,RB,HOU,540000
1378,,Antonio Morrison,ILB,IND,540000
1379,,Kameron Canaday,LS,PIT,540000
1380,,Jeremy Vujnovich,T,IND,540000
1381,,Brennan Scarlett,LB,HOU,540000
1382,,Kevon Seymour,CB,CAR,540000
1383,,Anthony Lanier,DE,WAS,540000
1384,,Malcolm Brown,RB,LAR,540000
1385,,Blake Martinez,ILB,GNB,540000
1386,,Ross Travis,TE,2TM,540000
1387,,Austin Blythe,C,LAR,540000
1388,,Chris Moore,WR,BAL,540000
1389,,Trevor Davis,WR,GNB,540000
1390,,Roger Lewis,WR,NYG,540000
1391,,Marwin Evans,S,GNB,540000
1392,,Damiere Byrd,WR,CAR,540000
1393,,Derrick Kindred,SS,CLE,540000
1394,,Terrance Smith,LB,KAN,540000
1395,,Jared Norris,ILB,CAR,540000
1396,,Joe Haeg,OT,IND,540000
1397,,Leonard Wester,T,TAM,540000
1398,,Kevin Hogan,QB,CLE,540000
1399,,Deon Bush,FS,CHI,540000
1400,,Dak Prescott,QB,DAL,540000
1401,,Vince Mayle,WR,BAL,540000
1402,,Destiny Vaeao,DT,PHI,540000
1403,,Dexter McCoil,S,2TM,540000
1404,,Nick Vigil,ILB,CIN,540000
1405,,Jake Rudock,QB,DET,540000
1406,,De'Vante Harris,DB,NOR,540000
1407,,Seth Devalve,TE,CLE,540000
1408,,B.J. Finney,C,PIT,540000
1409,,Alan Cross,TE,TAM,540000
1410,,Morgan Fox,DL,LAR,540000
1411,,Curtis Riley,CB,TEN,540000
1412,,Eli Rogers,WR,PIT,540000
1413,,Andrew Adams,FS,NYG,540000
1414,,Wil Lutz,K,NOR,540000
1415,,James Cowser,LB,OAK,540000
1416,,Trevor Williams,CB,LAC,540000
1417,,Paul Perkins,RB,NYG,540000
1418,,Luke Rhodes,LB,IND,540000
1419,,Mack Brown,RB,2TM,540000
1420,,Robby Anderson,WR,NYJ,540000
1421,1422,Ed Stinson,DE,NYJ,527647
1422,1423,Andre Williams,RB,LAC,527644
1423,1424,Freddie Bishop,DE,NYJ,508240
1424,1425,Geronimo Allison,WR,GNB,508235
1425,,D.J. Foster,RB,ARI,508235
1426,,Kyle Peko,DT,DEN,508235
1427,,Emmett Cleary,T,DET,508235
1428,,Alex Collins,RB,BAL,508235
1429,1430,Rashard Higgins,WR,CLE,508224
1430,1431,Ulrick John,OT,GNB,506471
1431,,Mark Nzeocha,OLB,SFO,506471
1432,1433,Deontae Skinner,LB,NYG,506464
1433,1434,Bryce Harris,T,NOR,501471
1434,,Andrew Gachkar,OLB,CAR,501471
1435,,Deonte Thompson,WR,2TM,501471
1436,,Michael Mauti,OLB,NOR,501471
1437,1438,Griff Whalen,WR,BAL,501468
1438,1439,Tavarres King,WR,NYG,487059
1439,,Demetrius McCray,CB,OAK,487059
1440,1441,Seantrel Henderson,OT,BUF,487058
1441,1442,Garrison Smith,DT,SEA,476471
1442,,Arthur Jones,DT,WAS,476471
1443,,Brian Hoyer,QB,2TM,476471
1444,,DeAndre Houston-Carson,FS,CHI,476471
1445,1446,Eric Winston,T,CIN,470588
1446,1447,Ben Heeney,ILB,HOU,470294
1447,,Obum Gwacham,DE,NYJ,470294
1448,,David Irving,DE,DAL,470294
1449,,Tenny Palepoi,DT,LAC,470294
1450,1451,Dezmen Southward,SS,CAR,470288
1451,1452,Chris Wormley,DT,BAL,465000
1452,,Justin Evans,SS,TAM,465000
1453,,Christian McCaffrey,RB,CAR,465000
1454,,Zach Banner,OG,CLE,465000
1455,,O.J. Howard,TE,TAM,465000
1456,,Montravius Adams,DT,GNB,465000
1457,,Tarell Basham,DE,IND,465000
1458,,Jehu Chesson,WR,KAN,465000
1459,,Torry McTyer,CB,MIA,465000
1460,,Trae Elston,DB,2TM,465000
1461,,Marcus Maye,FS,NYJ,465000
1462,,Kenny Moore,CB,IND,465000
1463,,C.J. Ham,RB,MIN,465000
1464,,Dion Dawkins,OG,BUF,465000
1465,,Kendrick Bourne,WR,SFO,465000
1466,,Giorgio Tavecchio,K,OAK,465000
1467,,Taylor Moton,OT,CAR,465000
1468,,Desmond King,FS,LAC,465000
1469,,Jonnu Smith,TE,TEN,465000
1470,,Haason Reddick,OLB,ARI,465000
1471,,Aaron Jones,RB,GNB,465000
1472,,Kenny Golladay,WR,DET,465000
1473,,Tre Madden,RB,SEA,465000
1474,,Brian Allen,CB,PIT,465000
1475,,Derrick Jones,CB,NYJ,465000
1476,,Danny Isidora,OG,MIN,465000
1477,,Zay Jones,WR,BUF,465000
1478,,T.J. Watt,OLB,PIT,465000
1479,,Carl Lawson,DE,CIN,465000
1480,,Ethan Pocic,C,SEA,465000
1481,,Tyrique Jarrett,DT,DEN,465000
1482,,Cam Robinson,OT,JAX,465000
1483,,Devante Bond,OLB,TAM,465000
1484,,Jacob Hollister,TE,NWE,465000
1485,,Ryan Switzer,WR,DAL,465000
1486,,Adam Butler,DT,NWE,465000
1487,,Lorenzo Jerome,DB,SFO,465000
1488,,Tanner Gentry,WR,CHI,465000
1489,,Jeremiah Valoaga,DE,DET,465000
1490,,Tyus Bowser,OLB,BAL,465000
1491,,Taywan Taylor,WR,TEN,465000
1492,,Ryan Glasgow,DT,CIN,465000
1493,,James Conner,RB,PIT,465000
1494,,Alex Barrett,DE,DET,465000
1495,,Kasen Williams,WR,CLE,465000
1496,,Maurice Smith,FS,MIA,465000
1497,,Kendell Beckwith,ILB,TAM,465000
1498,,Tim Williams,OLB,BAL,465000
1499,,Rasul Douglas,CB,PHI,465000
1500,,D'Onta Foreman,RB,HOU,465000
1501,,Solomon Thomas,DE,SFO,465000
1502,,Jonathan Allen,DT,WAS,465000
1503,,Josh Jones,S,GNB,465000
1504,,Montae Nicholson,SS,WAS,465000
1505,,Treyvon Hester,DT,OAK,465000
1506,,Matt Milano,OLB,BUF,465000
1507,,Jaylen Hill,CB,BAL,465000
1508,,Pat Elflein,C,MIN,465000
1509,,Antony Auclair,TE,TAM,465000
1510,,Joshua Holsey,CB,WAS,465000
1511,,Jordan Evans,ILB,CIN,465000
1512,,Shelton Gibson,WR,PHI,465000
1513,,Chris Godwin,WR,TAM,465000
1514,,Shane Smith,FB,NYG,465000
1515,,Cethan Carter,TE,CIN,465000
1516,,Jalen Reeves-Maybin,OLB,DET,465000
1517,,Taco Charlton,DE,DAL,465000
1518,,Nazair Jones,DT,SEA,465000
1519,,Deshaun Watson,QB,HOU,465000
1520,,Julie'n Davenport,OT,HOU,465000
1521,,Alex Anzalone,OLB,NOR,465000
1522,,Matt Haack,P,MIA,465000
1523,,Myles Garrett,DE,CLE,465000
1524,,Keelan Cole,WR,JAX,465000
1525,,Gerald Everett,TE,LAR,465000
1526,,Pita Taumoepenu,OLB,SFO,465000
1527,,Austin Carr,WR,NOR,465000
1528,,DeMarcus Walker,DE,DEN,465000
1529,,Rigoberto Sanchez,K,IND,465000
1530,,Mike Williams,WR,LAC,465000
1531,,Dylan Donahue,DL,NYJ,465000
1532,,Elijhaa Penny,RB,ARI,465000
1533,,Trey Hendrickson,DE,NOR,465000
1534,,Eric Wilson,ILB,MIN,465000
1535,,Jeremy Sprinkle,TE,WAS,465000
1536,,Mitch Trubisky,QB,CHI,465000
1537,,Roy Robertson-Harris,LB,CHI,465000
1538,,Nate Hairston,CB,IND,465000
1539,,Garett Bolles,OT,DEN,465000
1540,,Will Holden,OT,ARI,465000
1541,,Ejuan Price,OLB,LAR,465000
1542,,Devante Mays,RB,GNB,465000
1543,,Ben Gedeon,ILB,MIN,465000
1544,,Tanner Vallejo,ILB,BUF,465000
1545,,Trevon Coley,DL,CLE,465000
1546,,Budda Baker,FS,ARI,465000
1547,,John Johnson,S,LAR,465000
1548,,Gareon Conley,CB,OAK,465000
1549,,Cooper Rush,QB,DAL,465000
1550,,Jordan Willis,DE,CIN,465000
1551,,Lucas Patrick,G,GNB,465000
1552,,Josh Carraway,DE,TEN,465000
1553,,Eric Saubert,TE,ATL,465000
1554,,Samaje Perine,RB,WAS,465000
1555,,Patrick Mahomes,QB,KAN,465000
1556,,Rudy Ford,S,ARI,465000
1557,,Tyler Catalina,OG,WAS,465000
1558,,Harvey Langi,ILB,NWE,465000
1559,,Delano Hill,FS,SEA,465000
1560,,Austin Ekeler,RB,LAC,465000
1561,,Taysom Hill,QB,NOR,465000
1562,,Zach Wood,DE,NOR,465000
1563,,Ifeanyi Momah,WR,ARI,465000
1564,,Jourdan Lewis,CB,DAL,465000
1565,,Cordrea Tankersley,CB,MIA,465000
1566,,Aldrick Rosas,K,NYG,465000
1567,,Nicholas Morrow,LB,OAK,465000
1568,,Treston Decoud,CB,HOU,465000
1569,,Bam Bradley,OLB,BAL,465000
1570,,Matt Feiler,T,PIT,465000
1571,,Davon Godchaux,DT,MIA,465000
1572,,Matt Breida,RB,SFO,465000
1573,,Deon Lacey,LB,BUF,465000
1574,,Zach Cunningham,OLB,HOU,465000
1575,,David Sharpe,OT,OAK,465000
1576,,David Njoku,TE,CLE,465000
1577,,Corey Davis,WR,TEN,465000
1578,,Marquel Lee,ILB,OAK,465000
1579,,Chidobe Awuzie,CB,DAL,465000
1580,,Malik Hooker,FS,IND,465000
1581,,Elijah Qualls,DT,PHI,465000
1582,,Stefan McClure,S,WAS,465000
1583,,Avery Moss,DE,NYG,465000
1584,,Reid Ferguson,LS,BUF,465000
1585,,Anthony Walker,LB,IND,465000
1586,,Marlon Mack,RB,IND,465000
1587,,Jermaine Grace,LB,2TM,465000
1588,,Ahkello Witherspoon,CB,SFO,465000
1589,,Trey Edmunds,RB,NOR,465000
1590,,Grover Stewart,DT,IND,465000
1591,,Corey Clement,RB,PHI,465000
1592,,Justin Davis,RB,LAR,465000
1593,,Evan Engram,TE,NYG,465000
1594,,Fabian Moreau,CB,WAS,465000
1595,,Chad Hansen,WR,NYJ,465000
1596,,Matthew Dayes,RB,CLE,465000
1597,,Tashawn Bower,OLB,MIN,465000
1598,,Trey Hopkins,G,CIN,465000
1599,,Ka'imi Fairbairn,K,HOU,465000
1600,,Jaleel Johnson,DT,MIN,465000
1601,,Shalom Luani,SS,OAK,465000
1602,,Alex Redmond,G,CIN,465000
1603,,C.J. Beathard,QB,SFO,465000
1604,,Erik Magnuson,OT,SFO,465000
1605,,Brendan Langley,CB,DEN,465000
1606,,Jayon Brown,ILB,TEN,465000
1607,,Nathan Peterman,QB,BUF,465000
1608,,Adoree' Jackson,CB,TEN,465000
1609,,Andrew Billings,DT,CIN,465000
1610,,James Burgess,LB,CLE,465000
1611,,Wayne Gallman,RB,NYG,465000
1612,,Adrian Colbert,SS,SFO,465000
1613,,James Onwualu,OLB,LAC,465000
1614,,Jordan Roos,OG,SEA,465000
1615,,Dan Feeney,OG,LAC,465000
1616,,Vincent Taylor,DT,MIA,465000
1617,,Jamal Adams,SS,NYJ,465000
1618,,Justin McCray,G,GNB,465000
1619,,Marcus Johnson,WR,PHI,465000
1620,,Dalvin Cook,RB,MIN,465000
1621,,Nigel Harris,OLB,3TM,465000
1622,,Donald Payne,LB,JAX,465000
1623,,Marlon Humphrey,CB,BAL,465000
1624,,Chris Carson,RB,SEA,465000
1625,,Demetrious Cox,FS,CAR,465000
1626,,Patrick Ricard,DE,BAL,465000
1627,,Adam Shaheen,TE,CHI,465000
1628,,Noah Brown,WR,DAL,465000
1629,,Larry Ogunjobi,DT,CLE,465000
1630,,Jake Elliott,K,PHI,465000
1631,,Dylan Cole,LB,HOU,465000
1632,,Chase Roullier,C,WAS,465000
1633,,Charles Harris,DE,MIA,465000
1634,,Chad Williams,WR,ARI,465000
1635,,Curtis Samuel,WR,CAR,465000
1636,,YoungHoe Koo,K,LAC,465000
1637,,Dominique Hatfield,CB,LAR,465000
1638,,Marcus Williams,FS,NOR,465000
1639,,Kareem Hunt,RB,KAN,465000
1640,,Isaiah McKenzie,WR,DEN,465000
1641,,Jylan Ware,OT,OAK,465000
1642,,De'Angelo Henderson,RB,DEN,465000
1643,,Leonard Fournette,RB,JAX,465000
1644,,Sidney Jones,CB,PHI,465000
1645,,Terrell Watson,RB,PIT,465000
1646,,Marshon Lattimore,CB,NOR,465000
1647,,Kyle Fuller,C,HOU,465000
1648,,Alvin Kamara,RB,NOR,465000
1649,,Damontae Kazee,CB,ATL,465000
1650,,Jesse Davis,T,MIA,465000
1651,,Victor Bolden,WR,SFO,465000
1652,,Rayshawn Jenkins,FS,LAC,465000
1653,,Stacy Coley,WR,MIN,465000
1654,,Al-Quadin Muhammad,DE,NOR,465000
1655,,Jamaal Williams,RB,GNB,465000
1656,,Adam Redmond,G,IND,465000
1657,,Jamal Agnew,CB,DET,465000
1658,,Joe Walker,ILB,PHI,465000
1659,,Kai Nacua,FS,CLE,465000
1660,,Josh Reynolds,WR,LAR,465000
1661,,Cole Croston,OT,NWE,465000
1662,,Quincy Wilson,CB,IND,465000
1663,,Dalvin Tomlinson,DT,NYG,465000
1664,,Duke Riley,OLB,ATL,465000
1665,,Shaquill Griffin,DB,SEA,465000
1666,,Darrell Daniels,TE,IND,465000
1667,,Brian Hill,RB,2TM,465000
1668,,Lenzy Pipkins,CB,GNB,465000
1669,,Xavier Woods,SS,DAL,465000
1670,,Tarik Cohen,RB,CHI,465000
1671,,Isaac Asiata,OG,MIA,465000
1672,,Taquan Mizzell,RB,CHI,465000
1673,,Daeshon Hall,DE,CAR,465000
1674,,Aviante Collins,OG,MIN,465000
1675,,Ryan Ramczyk,OT,NOR,465000
1676,,Daniel Munyer,OL,ARI,465000
1677,,DeShone Kizer,QB,CLE,465000
1678,,B.J. Bello,LB,CLE,465000
1679,,Cooper Kupp,WR,LAR,465000
1680,,Josh Malone,WR,CIN,465000
1681,,Eddie Jackson,SS,CHI,465000
1682,,Ryan Anderson,OLB,WAS,465000
1683,,Chris Odom,DE,GNB,465000
1684,,Mike Hilton,CB,PIT,465000
1685,,Max McCaffrey,WR,JAX,465000
1686,,John Ross,WR,CIN,465000
1687,,Steve Longa,OLB,DET,465000
1688,,Sam Tevi,OT,LAC,465000
1689,,Rodney Adams,WR,MIN,465000
1690,,Conor McDermott,OT,BUF,465000
1691,,Josh Harvey-Clemons,SS,WAS,465000
1692,,Jamal Carter,S,DEN,465000
1693,,Elijah McGuire,RB,NYJ,465000
1694,,D.J. Jones,DT,SFO,465000
1695,,Blair Brown,ILB,JAX,465000
1696,,Reuben Foster,ILB,SFO,465000
1697,,Tion Green,RB,DET,465000
1698,,Deatrich Wise Jr.,DE,NWE,465000
1699,,Samson Ebukam,OLB,LAR,465000
1700,,ArDarius Stewart,WR,NYJ,465000
1701,,Michael Roberts,TE,DET,465000
1702,,Eli Ankou,DT,JAX,465000
1703,,Jarrad Davis,ILB,DET,465000
1704,,Jermaine Eluemunor,OG,BAL,465000
1705,,TreDavious White,CB,BUF,465000
1706,,Tanzel Smart,DT,LAR,465000
1707,,Derek Barnett,DE,PHI,465000
1708,,Kevin King,CB,GNB,465000
1709,,JuJu Smith-Schuster,WR,PIT,465000
1710,,Caleb Brantley,DT,CLE,465000
1711,,Kasey Redfern,P,DET,465000
1712,,Zane Gonzalez,K,CLE,465000
1713,,Jalen Myrick,CB,JAX,465000
1714,,Tanoh Kpassagnon,DE,KAN,465000
1715,,Jerald Hawkins,OT,PIT,465000
1716,,Dawuane Smoot,DE,JAX,465000
1717,,Jabrill Peppers,SS,CLE,465000
1718,,Chase Allen,LB,MIA,465000
1719,,Takkarist McKinley,OLB,ATL,465000
1720,,Charles Washington,DB,DET,465000
1721,,Thomas Hennessy,LS,NYJ,465000
1722,,Chuck Clark,FS,BAL,465000
1723,,Joe Mixon,RB,CIN,465000
1724,,Chad Wheeler,OT,NYG,465000
1725,,Deyshawn Bond,C,IND,465000
1726,,Mack Hollins,WR,PHI,465000
1727,,Eddie Yarbrough,DE,BUF,465000
1728,,Teez Tabor,CB,DET,465000
1729,,Eddie Vanderdoes,DT,OAK,465000
1730,,Mitchell Loewen,DE,NOR,465000
1731,,Trent Taylor,WR,SFO,465000
1732,,Justin Vogel,P,GNB,465000
1733,,Calvin Munson,OLB,NYG,465000
1734,,George Kittle,TE,SFO,465000
1735,,Evan Dietrich-Smith,G,TAM,465000
1736,,Tedric Thompson,SS,SEA,465000
1737,,Carlos Watkins,DT,HOU,465000
1738,,Sean Culkin,TE,LAC,465000
1739,,Hardy Nickerson,ILB,CIN,465000
1740,,Amara Darboh,WR,SEA,465000
1741,,Jeremiah Ledbetter,DT,DET,465000
1742,,Ukeme Eligwe,OLB,KAN,465000
1743,1744,Jonathan Freeny,DE,3TM,455882
1744,,Orlando Franklin,OL,WAS,455882
1745,,Sean Weatherspoon,LB,ATL,455882
1746,,Gavin Escobar,TE,BAL,455882
1747,1748,Khyri Thornton,DT,DET,452941
1748,1749,Jacquies Smith,DE,2TM,446471
1749,1750,Curtis Grant,LB,NYG,437648
1750,1751,Mike Davis,RB,SEA,437647
1751,,Elijah Lee,OLB,SFO,437647
1752,,Adam Pankey,OG,GNB,437647
1753,,Tony McRae,CB,2TM,437647
1754,,Evan Baylis,TE,HOU,437647
1755,,Lawrence Thomas,DE,NYJ,437647
1756,,Michael Davis,,LAC,437647
1757,1758,Kelvin Sheppard,LB,NYG,423529
1758,1759,Louis Murphy,WR,SFO,423528
1759,1760,Jordan Lucas,SS,MIA,421941
1760,1761,Deon King,LB,CLE,412945
1761,,Scooby Wright,ILB,ARI,412945
1762,,Chris Reed,G,JAX,412945
1763,1764,Bryce Treggs,WR,CLE,412941
1764,,Branden Jackson,DE,SEA,412941
1765,,Quinton Jefferson,DT,SEA,412941
1766,,Mike Thomas,WR,LAR,412941
1767,1768,Jordan Leslie,WR,CLE,410295
1768,,Reggie Porter,CB,CLE,410295
1769,1770,Matt Skura,C,BAL,410294
1770,,Justin Hardee,WR,NOR,410294
1771,,Travaris Cadet,RB,2TM,410294
1772,,Don Barclay,G,DET,410294
1773,,T.J. Yates,QB,HOU,410294
1774,,Alex Armah,FB,CAR,410294
1775,,Devin Taylor,DE,NYG,410294
1776,,Ricky Seals-Jones,WR,ARI,410294
1777,1778,Robert Nelson,FS,NYJ,405882
1778,1779,David Fales,QB,MIA,405880
1779,1780,Jairus Byrd,DB,CAR,404648
1780,1781,Josh Lambo,K,JAX,397941
1781,,Michael Ola,T,LAC,397941
1782,1783,A.J. Francis,DL,WAS,397936
1783,1784,Aaron Wallace,OLB,TEN,383824
1784,1785,Chris Thompson,RB,WAS,382942
1785,,Chris Thompson,WR,HOU,382942
1786,1787,Harrison Butker,K,KAN,382941
1787,,Taybor Pepper,LS,GNB,382941
1788,,Bryan Cox,DE,CAR,382941
1789,1790,Shilique Calhoun,DE,OAK,381176
1790,,Patrick Murray,K,TAM,381176
1791,,Justin March-Lillard,LB,3TM,381176
1792,,Darnell Sankey,LB,IND,381176
1793,1794,Will Beatty,T,PHI,370588
1794,,Dannell Ellerbe,LB,PHI,370588
1795,1796,Cam Thomas,DT,KAN,370587
1796,1797,Brenton Bersin,WR,CAR,365292
1797,1798,Jeff Cumberland,TE,LAC,364706
1798,1799,Deiondre' Hall,CB,CHI,363000
1799,,Maurice Canady,CB,BAL,363000
1800,,Ronald Blair,DE,SFO,363000
1801,1802,Arie Kouandjio,OG,WAS,361765
1802,,Trevor Reilly,OLB,NWE,361765
1803,1804,Jon Halapio,OG,NYG,355589
1804,,Isaiah Johnson,S,TAM,355589
1805,1806,Greg Mabin,CB,2TM,355588
1806,,Kyle Kalis,OG,IND,355588
1807,,Isaiah Irving,OLB,CHI,355588
1808,,Henry Krieger-Coble,TE,IND,355588
1809,1810,Darrelle Revis,DB,KAN,352941
1810,1811,Jermaine Whitehead,DB,GNB,349415
1811,,Joe Callahan,QB,GNB,349415
1812,,Richard Ash,DT,DAL,349415
1813,1814,Daniel Lasco,RB,NOR,349412
1814,1815,Cameron Sutton,CB,PIT,348000
1815,,Dede Westbrook,WR,JAX,348000
1816,,Obi Melifonwu,SS,OAK,348000
1817,,Jeremy Clark,CB,NYJ,348000
1818,,Marquez Williams,FB,CLE,348000
1819,,Vince Biegel,OLB,GNB,348000
1820,1821,Marvin Hall,WR,ATL,328236
1821,,Donte Deayon,DB,NYG,328236
1822,,Adam Bighill,LB,NOR,328236
1823,,Tani Tupou,DT,ATL,328236
1824,1825,Cole Hikutini,TE,SFO,328235
1825,,Xavier Coleman,CB,NYJ,328235
1826,,Travis Rudolph,WR,NYG,328235
1827,,Ed Eagan,WR,NYG,328235
1828,,Marcus Kemp,WR,KAN,328235
1829,1830,Tyreek Burwell,T,IND,325588
1830,,Xavier Cooper,DT,2TM,325588
1831,,Josh Keyes,LB,2TM,325588
1832,,Angelo Blackson,DT,HOU,325588
1833,1834,Cyrus Kouandjio,OT,DEN,324706
1834,1835,Akeem Ayers,LB,NYG,319118
1835,,Harlan Miller,CB,ARI,319118
1836,1837,Joshua Perry,OLB,IND,317647
1837,,Matt Lengel,TE,CLE,317647
1838,1839,Jerrol Garcia-Williams,LB,DEN,300883
1839,,Hunter Sharp,WR,2TM,300883
1840,,Jaydon Mickens,WR,JAX,300883
1841,,Nathan Gerry,SS,PHI,300883
1842,,Elijah Wilkinson,OT,DEN,300883
1843,1844,Nick Rose,K,2TM,300882
1844,1845,Ray-Ray Armstrong,LB,2TM,294118
1845,1846,Freddie Martino,WR,TAM,289408
1846,1847,Nate Sudfeld,QB,PHI,285882
1847,,D.J. White,CB,IND,285882
1848,1849,Jace Billingsley,WR,DET,273530
1849,,Dan Skipper,OT,DET,273530
1850,,Kevin Snyder,LB,DEN,273530
1851,,Blake Jarwin,TE,DAL,273530
1852,1853,Elijah Hood,RB,OAK,273529
1853,1854,Joey Mbu,NT,IND,254120
1854,,Ben Braunecker,TE,CHI,254120
1855,1856,Max Tuerk,C,ARI,254118
1856,1857,Zach Vigil,ILB,WAS,253235
1857,1858,Terrence Magee,RB,ATL,253232
1858,,Deiontrez Mount,OLB,DEN,253232
1859,1860,Derek Hart,LS,GNB,246177
1860,,Donatello Brown,CB,GNB,246177
1861,,Marshall Koehn,K,CIN,246177
1862,,Darrell Williams,OL,SFO,246177
1863,,Bryson Albright,LB,ARI,246177
1864,1865,Demetrius Rhaney,C,WAS,243529
1865,,Cairo Santos,K,2TM,243529
1866,,Fitzgerald Toussaint,RB,PIT,243529
1867,1868,Mike Nugent,K,2TM,235294
1868,1869,Tim Barnes,C,SFO,227941
1869,,Datone Jones,DE,2TM,227941
1870,,Chris Prosinski,DB,CHI,227941
1871,1872,Byron Marshall,RB,WAS,222353
1872,,Joe Kerridge,FB,GNB,222353
1873,,Vinston Painter,OT,ARI,222353
1874,,Kalif Raymond,WR,2TM,222353
1875,1876,Daniel Ross,DT,DAL,218824
1876,,Zach Sterup,OL,MIA,218824
1877,,Josh Tupou,DT,CIN,218824
1878,,Johnny Mundt,TE,LAR,218824
1879,,Jojo Natson,WR,NYJ,218824
1880,,Joseph Jones,OLB,DEN,218824
1881,,Brandon Banks,DL,WAS,218824
1882,,Darius Hillary,CB,CLE,218824
1883,,Brandon Wilson,CB,CIN,218824
1884,,Chunky Clements,DT,HOU,218824
1885,,Maurice Harris,WR,WAS,218824
1886,,Lewis Neal,DE,DAL,218824
1887,,Josh Forrest,ILB,SEA,218824
1888,1889,Dexter McDougle,CB,2TM,217059
1889,,Howard Jones,LB,CHI,217059
1890,,Neville Hewitt,LB,MIA,217059
1891,1892,Orson Charles,TE,KAN,202940
1892,1893,Austin Traylor,TE,DEN,191471
1893,,Colin Holba,LS,JAX,191471
1894,,Larry Pinkard,WR,JAX,191471
1895,1896,Cobi Hamilton,WR,HOU,190590
1896,1897,Christian Ringo,DE,DET,190588
1897,1898,Spencer Paysinger,LB,CAR,182353
1898,1899,Bradley Marquez,WR,DET,180882
1899,1900,Khalif Barnes,T,ARI,176471
1900,1901,Eric Lee,LB,NWE,164118
1901,,Justin Currie,S,CLE,164118
1902,,David Moore,WR,SEA,164118
1903,,Pete Robertson,LB,WAS,164118
1904,,LeShun Daniels,RB,WAS,164118
1905,,Jason Vander Laan,TE,IND,164118
1906,,Kevin Peterson,CB,LAR,164118
1907,1908,Brandon Dixon,CB,NYG,158825
1908,,Gabe Martin,LB,ARI,158825
1909,,Carlos Thompson,LB,LAR,158825
1910,,Bronson Hill,RB,ARI,158825
1911,1912,Bryan Braman,LB,PHI,158824
1912,,Nicholas Grigsby,LB,NWE,158824
1913,,Anthony Fabiano,OL,IND,158824
1914,1915,MyCole Pruitt,TE,HOU,144706
1915,,Anthony Johnson,DT,IND,144706
1916,,Cameron Lynch,LB,2TM,144706
1917,1918,K.J. Brent,WR,IND,136765
1918,,Garrett Griffin,TE,NOR,136765
1919,,Pat O'Connor,DE,TAM,136765
1920,,LaTroy Lewis,LB,HOU,136765
1921,,Travis Coons,K,LAC,136765
1922,,Lavar Edwards,DE,CLE,136765
1923,,Bernard Reedy,WR,2TM,136765
1924,,Marcus Rios,CB,DEN,136765
1925,,Mike Liedtke,OL,TAM,136765
1926,,Cameron Malveaux,DE,MIA,136765
1927,,Carroll Phillips,OLB,JAX,136765
1928,,Gimel President,DE,HOU,136765
1929,,De'Veon Smith,RB,MIA,136765
1930,,Michael Clark,WR,GNB,136765
1931,,Arthur Maulet,CB,NOR,136765
1932,,Isaac Whitney,WR,OAK,136765
1933,,Chad Slade,G,HOU,136765
1934,,Jesus Wilson,WR,TAM,136765
1935,,Rodney Coe,DT,SEA,136765
1936,,Jeremy McNichols,RB,SFO,136765
1937,1938,Stanley Jean-Baptiste,CB,BAL,127060
1938,1939,Darius Powe,WR,NYG,127059
1939,1940,Keith Reaser,CB,2TM,121765
1940,1941,Nordly Capi,LB,2TM,109412
1941,,Rashaad Coward,DT,CHI,109412
1942,,DeAndrew White,WR,HOU,109412
1943,,Justin Hamilton,DT,2TM,109412
1944,,Robert Davis,WR,WAS,109412
1945,1946,Taylor Heinicke,QB,HOU,108529
1946,,Isaiah Johnson,DB,LAR,108529
1947,1948,Kapri Bibbs,RB,WAS,108528
1948,1949,John Phillips,TE,NOR,105882
1949,1950,Kyle Carter,TE,MIN,100800
1950,1951,C.J. Smith,CB,CLE,95294
1951,,Tyvis Powell,FS,SFO,95294
1952,,Gabe Holmes,TE,ARI,95294
1953,,Paul Dawson,OLB,SEA,95294
1954,,Matt Hazel,WR,IND,95294
1955,1956,Cameron Lee,G,CHI,93600
1956,1957,Ryan Murphy,FS,NYG,82059
1957,,Riley Bullough,ILB,TAM,82059
1958,,Matt LaCosse,TE,2TM,82059
1959,,Isaac Rochell,DE,LAC,82059
1960,,Kache Palacio,LB,SEA,82059
1961,,Otha Peters,LB,WAS,82059
1962,,Breon Borders,CB,BUF,82059
1963,,Brandon Bell,OLB,CIN,82059
1964,,Leon McQuay,S,KAN,82059
1965,,Jarveon Williams,HB,CIN,82059
1966,,Dymonte Thomas,SS,DEN,82059
1967,1968,Caraun Reid,DT,DET,81176
1968,1969,David Quessenberry,OT,HOU,72353
1969,,Ronald Martin,SS,IND,72353
1970,,James Stone,C,OAK,72353
1971,1972,Michael Hunter,CB,NYG,63529
1972,,Channing Ward,DE,TAM,63529
1973,1974,Tony McDaniel,DT,2TM,58824
1974,,James Harrison,LB,2TM,58824
1975,1976,Kent Perkins,OT,CIN,54706
1976,,Mose Frazier,WR,CAR,54706
1977,,Sam Ficken,K,LAR,54706
1978,,Fish Smithson,S,WAS,54706
1979,,Pharaoh Brown,TE,OAK,54706
1980,,Andy Jones,WR,2TM,54706
1981,,Brett Boyko,T,LAC,54706
1982,,Dare Ogunbowale,RB,WAS,54706
1983,,Reggie Gilbert,LB,GNB,54706
1984,,Brady Sheldon,LB,OAK,54706
1985,,Ryan Malleck,TE,HOU,54706
1986,,David Rivers,CB,TAM,54706
1987,1988,Krishawn Hogan,WR,IND,38294
1988,1989,Marcus Murphy,RB,BUF,36176
1989,,Edmond Robinson,OLB,NYJ,36176
1990,1991,Hakeem Valles,TE,DET,31765
1991,,Marquis Bundy,WR,NYG,31765
1992,1993,Jeff Overbaugh,LS,MIN,27353
1993,,Quincy Adeboyejo,WR,BAL,27353
1994,,Derrick Mathews,LB,NYG,27353
1995,,Rickey Hatley,DT,BUF,27353
1996,,Emanuel Byrd,TE,GNB,27353
1997,,Aaron Neary,C,LAR,27353
1998,,Garrett Sickels,DE,LAR,27353
